"","scream3","dthNat","slndrMan","crzRchAz"
"1",7.45,8.63,3.2,9.84
"2",6.83,9.83,3.02,1.43
"3",6.16,9.6,2.17,6.72
"4",6.48,1.17,1.12,9.11
"5",2.61,9.92,1.57,7.84
"6",6.85,1.34,4.39,8.02
"7",3.15,1.13,6.3,7.94
"8",6.91,9.81,1.17,9.57
"9",6.12,9.01,4.8,8.98
"10",5.4,9.52,1.36,3.1
"11",3.06,1.37,3.18,9.89
"12",6.72,9.57,1.95,9.94
"13",2.06,9.85,4.65,8.53
"14",5.61,9.69,1.89,6.81
"15",4.92,9.56,6.08,8.17
"16",5.84,9.97,1.25,5.02
"17",6.28,9.54,1.45,8.97
"18",5.27,1.05,3.33,9.88
"19",3.01,9.54,6.9,9.92
"20",1.5,9.61,3.32,7.79
"21",3.96,8.95,1.35,9.68
"22",6.61,1.44,9.59,6.7
"23",5.65,1.06,9.6,6.27
"24",2.59,9.91,7.36,9.54
"25",8.45,1.42,5.63,1.34
"26",5.75,1.08,1.71,7.52
"27",6.22,1.01,1.07,9.84
"28",7.56,1.26,1.06,6.87
"29",5.86,1.48,4.71,8.45
"30",7.85,9.36,3.51,9.77
"31",4.9,9.54,1.38,1.44
"32",8.83,9.62,1.1,6.65
"33",2.81,9.69,1.53,8.14
"34",4.96,9.77,4.1,8.87
"35",5.05,1.07,2.89,9.89
"36",6.06,9.75,1.47,7.31
"37",5.14,9.55,1.7,9.48
"38",7.57,1.23,1.07,9.76
"39",6.21,9.56,1.2,7.99
"40",9.65,9.86,1.98,9.65
"41",1.01,1.48,3.93,2.36
"42",5.45,9.86,1.38,9.68
"43",6.67,1.44,2.66,7.56
"44",6.73,9.77,1.04,9.97
"45",3.3,9.77,6.2,8.96
"46",6.2,1.32,1.14,7.67
"47",7.46,9.87,3.34,6.56
"48",5.75,1.07,1.94,8.64
"49",6.93,1.08,5.5,4.73
"50",3.19,1.49,2.03,9.44
"51",4.34,9.83,9.81,1.47
"52",7.29,9.78,1.08,9.7
"53",3,9.65,2.78,7.8
"54",6,3.33,1.47,6.14
"55",9.68,9.72,3.33,9.75
"56",9.53,9.58,9.99,7.53
"57",7.24,1.14,1.02,9.96
"58",4.93,9.85,6.42,8.2
"59",5.1,1.08,3.38,7.85
"60",5.68,1.34,4.96,5.88
"61",4.57,9.99,8.13,9.86
"62",5.04,9.85,3.51,1.45
"63",5.1,1.01,9.94,9.57
"64",7.38,1.13,1.16,6.06
"65",9.64,9.96,2.04,8.07
"66",2.58,1.4,2.29,9.74
"67",6.26,9.51,3.31,9.74
"68",9.3,1.48,1.79,7.79
"69",7.21,9.85,2.17,9.77
"70",2.19,1.06,2.4,7.72
"71",5.61,1.22,1.43,8.03
"72",6.62,9.51,4.77,6.97
"73",4.98,9.92,10,7.53
"74",9.74,9.69,1.45,6.86
"75",7.02,9.55,1.16,8.16
"76",7,9.87,1.97,7.75
"77",5.57,8.94,1.19,9.12
"78",6.63,1.13,1.34,6.45
"79",5.01,9.88,1.1,1.07
"80",4.22,1.21,2.93,8.85
"81",1.09,1.38,2.64,9.08
"82",4.89,1.15,3.09,9.75
"83",3.95,5.79,1.17,7.44
"84",7.69,9.87,4.38,9.76
"85",5.24,8.67,1.48,9.86
"86",6.79,1.48,5.36,7.74
"87",6.31,9.69,1.04,9.21
"88",8.35,1.38,5.39,9.92
"89",5.98,9.94,9.52,9.5
"90",5.97,9.65,1.01,9.76
"91",4.14,8.67,3.51,7.9
"92",9.82,1.2,3.34,9.93
"93",4.98,9.6,2.42,5.52
"94",7.27,1.41,5.78,7.6
"95",8,1.43,1.17,8.33
"96",5.32,1.01,3.29,9.94
"97",9.77,9.91,1.09,8.92
"98",5.4,1.2,4.47,8.48
"99",5.01,1.02,1.08,7.67
"100",6.99,9.82,2.61,9.99
"101",3.89,1.07,1.21,9.97
"102",6.42,9.48,1.11,7.77
"103",5.9,9.93,1.9,9.81
"104",6.03,9.57,1.41,9.69
"105",6.19,9.7,6.31,8.99
"106",6.23,7.61,1.37,7.95
"107",3.77,9.65,9.57,6.07
"108",3.94,9.6,6.01,7.62
"109",1.07,1.19,1.82,1.41
"110",7.31,9.73,1.88,9.79
"111",7.16,8.83,2.37,6.76
"112",7.57,1.27,1.02,9.76
"113",7.4,1.36,9.73,9.58
"114",5.26,1.02,1.01,9.86
"115",6.41,1.42,5.31,9.31
"116",4.86,9.69,1.07,8.68
"117",9.51,1.45,1.45,4.79
"118",7.43,1.25,1.08,6.12
"119",4.82,9.79,1.23,8.04
"120",4.13,1.43,5.9,9.53
"121",7.3,9.73,1.13,7.61
"122",6.86,9.76,4.14,8.21
"123",5.13,9.84,1.1,7.5
"124",6.88,9.81,5.56,6.91
"125",6.38,9.5,5.98,7.62
"126",4.69,1.41,1.18,4.85
"127",2.96,9.52,9.92,9.61
"128",5.44,1.12,1.9,8.35
"129",5.19,9.79,1.01,7.42
"130",5.04,8.75,9.86,9.69
"131",6.71,1.17,1.68,5.51
"132",5.21,1.49,1.12,9.56
"133",7.07,1.16,2.86,8.41
"134",5.1,1.27,1.41,9.86
"135",6.24,9.43,2.45,9.89
"136",3.68,1.12,1.47,8.06
"137",6.73,2.47,3.93,7.39
"138",6.15,9.9,5.73,1.13
"139",6.16,9.75,1.26,9.45
"140",3.81,9.99,2.43,9.92
"141",5.15,9.76,1.31,9.91
"142",8.5,7.92,4.86,9.61
"143",5.91,1.08,6.84,5.97
"144",5.83,2.5,5.18,9.63
"145",7.08,1.41,1.36,8.43
"146",7.66,8.14,6.46,9.98
"147",2.71,9.59,1.3,8.14
"148",4.35,9.71,4.66,8.17
"149",7.34,9.62,1.47,9.73
"150",5.04,9.57,3.14,1.33
"151",4.54,9.73,5.56,7.58
"152",5.61,9.56,1.71,5.27
"153",4.33,9.4,1.67,8.89
"154",5.71,1.06,9.55,7.54
"155",5.91,8.52,1.43,5.79
"156",6.78,8.47,7.03,4.86
"157",5.95,5.23,5.96,7.27
"158",1.1,5.78,2.19,7.1
"159",9.01,9.56,1.07,9.78
"160",4.85,9.51,2.15,6.19
"161",1.35,9.62,6.12,9.66
"162",4.56,9.55,2.88,9.66
"163",5.95,9.9,2.01,6.43
"164",8.17,1.45,3.38,8.16
"165",2.2,1.46,1.73,5.66
"166",6.14,9.83,3.16,7.48
"167",6.85,9.84,9.54,9.79
"168",6.84,9.89,1.3,6.97
"169",9.3,1.23,4.31,9.83
"170",5.51,9.85,1.14,9.97
"171",5.17,9.95,1.52,8.38
"172",5.06,1.16,7.78,9.69
"173",5.77,1.3,1.2,8.23
"174",3.86,1.14,3.17,7.44
"175",5.64,9.96,1.18,9.58
"176",4.22,1.36,9.64,8.51
"177",4.74,1.36,1.12,6.48
"178",3.66,9.57,5.49,8.32
"179",8.49,9.97,2.63,9.45
"180",6.18,9.66,1.35,8.82
"181",9.64,7.46,9.66,7.01
"182",4.36,1.17,1,1.47
"183",5.09,1.1,6.44,8.17
"184",8.48,1.29,5.5,7.83
"185",6,1.33,9.68,7.37
"186",7.46,1.35,4.18,6.3
"187",6.48,1.05,2.19,7.48
"188",4.58,1.07,1.06,8.58
"189",9.2,1.14,4.25,7.61
"190",3.96,1.37,1,7.08
"191",5.82,9.61,1.35,7.13
"192",7.69,9.94,2.21,7.75
"193",2.71,9.76,1.2,5.72
"194",7.15,9.61,3.8,8.14
"195",5.73,5.33,1.04,8.43
"196",5.75,9.61,9.92,8.24
"197",1.05,1.14,9.65,6.61
"198",5.99,9.81,5.1,1.44
"199",6.08,8.41,1.25,2
"200",8.45,9.77,1.35,6.77
"201",9.65,9.83,1.2,9.08
"202",2.83,9.87,4.27,8.12
"203",4.59,9.74,8.39,7.85
"204",4.51,9.96,1.32,9.57
"205",8.11,1.27,1.96,8.11
"206",3.51,9.64,1.13,7.5
"207",5.43,1.31,9.83,8.69
"208",9.85,9.98,7.96,2.65
"209",6.92,1.26,1.29,6.57
"210",3.36,1.06,4.82,7.58
"211",6.4,1.08,1.13,9.5
"212",9.31,1.4,1.08,9.9
"213",4.66,9.57,8.34,9.97
"214",2.97,9.63,1.33,8.41
"215",5.49,9.67,4.66,8.01
"216",5.95,2.44,3.81,9.54
"217",5.72,8.58,4.13,9.84
"218",6.09,9.65,2.35,8.67
"219",6.25,1.47,1.09,9.89
"220",1.64,9.08,1.45,9.93
"221",2.94,1.35,3.96,9.92
"222",6.41,9.91,9.93,8.83
"223",8.96,1.48,1.88,9.53
"224",6.96,9.63,3.36,6.62
"225",3.67,9.82,2.43,1.13
"226",5.13,9.89,2.87,9.28
"227",6.4,1.1,1.85,9.85
"228",6.12,9.23,2.14,9.73
"229",9.5,6.28,4.22,6.42
"230",2.24,9.77,2.5,9.79
"231",5.75,1.35,3.53,8.44
"232",5.12,9.63,3.23,9.29
"233",1.28,9.87,1.9,9.84
"234",6.93,9.7,2.9,1.08
"235",4.57,9.67,2.86,8.52
"236",9.62,1.15,1.11,9.82
"237",9.59,1.54,3.57,6.94
"238",2.18,9.72,2.02,9.71
"239",6.31,9.94,2.14,8.76
"240",6.54,1.22,9.61,9.56
"241",7.2,9.71,2.28,5.97
"242",6.62,8.07,1.21,1.33
"243",5.35,9.83,1.03,7.52
"244",6.9,1.45,9.89,9.66
"245",5.37,1.06,1.98,9.99
"246",6.09,9.32,4.54,8.09
"247",9.97,1.16,4.33,9.81
"248",7.44,9.89,5.24,6.61
"249",4.72,9.77,2.34,9.74
"250",3.8,9.99,2,8.21
"251",5.03,9.95,1.44,9.21
"252",4.64,1.26,2.36,8.21
"253",5.39,1.05,1.09,8.09
"254",7.08,9.84,4,9.73
"255",5.27,9.52,2.95,8.04
"256",5.49,1.07,1.51,5.6
"257",5.58,9.74,3.78,9.96
"258",8.31,9.54,1.37,10
"259",7.72,1.11,1.28,1.28
"260",2.75,1.26,1.75,8.37
"261",7.16,9.62,1.4,9.7
"262",5.19,9.99,1.63,8.61
"263",7.95,9.61,6.57,7.54
"264",4.13,9.05,1.76,1.66
"265",5.36,1.19,2.18,8.83
"266",4.29,9.92,1.48,9.8
"267",6.95,9.51,5.74,8.3
"268",5.42,1.04,9.62,9.75
"269",4.56,1.23,2.34,9.71
"270",6.21,9.53,1.2,9.55
"271",3.77,2.3,5.55,7.29
"272",6.19,1.32,1.22,8.35
"273",6.15,9.7,4.32,7.52
"274",5.96,9.93,1.72,9.8
"275",6.79,1.43,5.01,5.73
"276",3.46,1.14,3.43,9.71
"277",4.18,1.45,5.41,6.11
"278",6.66,2.09,4.32,7.99
"279",5.07,1.32,9.24,7.97
"280",9.83,8.41,2.15,8.15
"281",7.16,9.78,1.24,9.3
"282",4.4,9.84,1.16,8.06
"283",1.04,9.83,4.18,3.89
"284",9.88,9.62,5.29,9.63
"285",6.87,9.87,9.81,7.82
"286",7.53,1.18,1.43,9.61
"287",4.36,9.96,2.3,7.88
"288",4.08,9.94,1.24,6.54
"289",5.47,1.23,1.42,9.95
"290",5.02,9.71,1.34,9.43
"291",3.57,7.92,6.07,9.82
"292",7.24,1.02,1.34,7.02
"293",6.21,1.28,7.88,8.84
"294",3.88,9.58,9.55,8.04
"295",4.86,9.84,1.35,9.79
"296",7.27,9.86,9.68,9.84
"297",9.04,1.41,1.5,7.38
"298",4.92,9.59,1.41,9.86
"299",9.82,9.62,1.5,6.82
"300",5.09,7.78,3.19,7.56
"301",1.6,1.37,1.43,9.37
"302",1.29,1.24,6.45,9.73
"303",5.39,9.93,1.32,5.61
"304",7.27,4.11,5.93,8.41
"305",7.89,1.34,1.33,8.53
"306",5.38,1.05,9.5,6.88
"307",7.45,9.7,1.11,8.59
"308",4.88,9.92,6.98,9.92
"309",5.07,9.89,6.66,8.05
"310",7.74,1.44,4.36,5.56
"311",5.91,1.4,2.7,9.74
"312",9.62,9.66,1.58,8.77
"313",7.15,6.64,4.5,6.93
"314",3.8,1.11,1.44,7.69
"315",5.92,9.94,1.24,9.79
"316",6.56,7.78,3.43,8.37
"317",5.49,1.09,1,8.12
"318",9.37,1.23,9.76,7.92
"319",5.73,9.1,1.13,8.45
"320",9.95,1.37,1.42,8.32
"321",6.4,9.64,4.13,9.24
"322",8.15,7.78,7.08,8.3
"323",6.07,9.71,9.82,9.1
"324",6.09,1.15,3.55,6.74
"325",3.29,1.4,2.24,8.39
"326",6.08,1.23,3.19,8.06
"327",9.17,9.53,2.49,6.73
"328",6.21,9.93,2.8,7.12
"329",6.16,1.49,3.79,8.14
"330",5.31,1.09,1.36,8.59
"331",1.21,1.48,4.5,9.56
"332",7.88,9.7,1.22,7.53
"333",5.55,9.71,4.99,6.9
"334",2.71,9.69,8.22,9.93
"335",5.89,9.92,1.39,9.66
"336",5.81,1.27,1.22,8.87
"337",9.73,9.92,1.25,8.37
"338",8.47,1.45,5.6,8.77
"339",8,1.11,2.7,9.35
"340",5.7,9.68,9.49,6.74
"341",1.23,1.04,1.92,9.82
"342",6.01,1.25,1.05,7.09
"343",5.18,8.24,3.95,7.95
"344",3.78,1.44,1.33,9.57
"345",4.64,9.98,3.63,7.62
"346",6.32,7.33,3.29,9.91
"347",1.1,9.83,6.62,9.78
"348",7.08,9.63,9.6,9.64
"349",5.76,1.04,2.25,9.31
"350",4.12,1.15,5.11,7.16
"351",6.41,9.6,7.06,2.55
"352",5.63,9.84,6,9.63
"353",9.77,9.91,4.78,1.44
"354",5.15,9.72,3.15,9.46
"355",4.54,9.52,1.43,7.13
"356",4.8,1.36,1.31,6.47
"357",5.42,9.71,5.71,8.76
"358",4.9,1.3,1.01,9.92
"359",4.12,5.25,4.21,8.18
"360",6.36,1.1,1.88,9.47
"361",7.66,1.08,9.69,9.94
"362",1.12,9.05,1.2,7.05
"363",3.75,9.63,1.48,7.23
"364",9.71,1.24,7.68,7.67
"365",1.53,1.28,9.72,7.16
"366",3.65,1.4,2.36,6.88
"367",9.96,1.33,1.46,9.53
"368",6.32,1.27,1.46,8.08
"369",6.58,1.29,2.06,7.89
"370",4.74,3.52,3.88,7.28
"371",1.22,1.24,1.44,5.68
"372",6.09,9.12,1.4,5.63
"373",8.35,1.02,6.1,1.02
"374",6.18,1.3,1.81,8.21
"375",6.03,9.74,3.72,8.05
"376",6.74,9.79,4.98,7.38
"377",1.43,1.16,2.06,9.3
"378",5.38,9.96,2.59,5.99
"379",5.42,1.03,4.86,9.64
"380",7.98,6.74,1.25,1.37
"381",6.19,9.84,4.38,8.85
"382",4.9,9.75,2.28,9.89
"383",9.97,1.34,3.19,7.95
"384",2.97,3.84,1.8,8.88
"385",6.09,9.09,4.84,5.92
"386",4.61,1.09,1.97,8.58
"387",6.62,9.67,2.04,7.73
"388",3.54,9.84,9.65,8.77
"389",4.63,9.79,2.62,9.91
"390",6.93,1.01,1.24,7.34
"391",3.67,9.77,4.51,5.95
"392",6,6.89,3.82,7.61
"393",7.94,1.03,2.6,9.59
"394",3.3,1.53,1.39,4.43
"395",5.64,1.4,1.38,9.95
"396",8.08,9.92,7.1,8.02
"397",4.15,1.02,9.57,6.58
"398",7.59,8.1,1.1,7.67
"399",4.38,9.94,1.82,9.93
"400",5.18,9.69,1.58,9.73
"401",3.37,9.55,2.09,9.98
"402",2.46,9.83,2.37,5.86
"403",6.12,9.58,2.08,9.97
"404",9.75,9.9,3.93,8.48
"405",3.97,9.77,4.58,6.82
"406",9.65,1.08,7.91,7.09
"407",4.77,7.54,5.44,8.23
"408",5.95,9.95,1.2,8.21
"409",2.45,1.36,1.14,6.68
"410",7.34,9.56,1.17,9.88
"411",5.11,1.03,4.37,7.81
"412",7.13,1.29,9.67,8.33
"413",9.55,1.02,8.47,1.23
"414",5.87,9.67,9.54,7.01
"415",6.32,9.7,9.63,6.67
"416",6.65,9.8,5.64,1.45
"417",5.17,9.72,3.65,7.01
"418",5.59,8.78,4.94,5.63
"419",6.34,1.24,6.27,8.1
"420",3.58,9.73,1.01,6.59
"421",3.9,1.37,5.32,7.65
"422",7.13,1.35,1.28,1.25
"423",7.23,9.99,1.27,7.05
"424",6.97,1.28,1.96,8.31
"425",3.54,9.9,4.36,9.86
"426",5.96,9.54,9.68,8.81
"427",5.15,9.37,9.87,6.74
"428",5.38,9.69,9.89,7.59
"429",5.99,9.17,5.19,8.17
"430",9.89,9.61,5.46,9.93
"431",1.41,9.73,1.2,7.99
"432",6.17,1.2,2.21,8.76
"433",5.6,9.15,5.78,9.5
"434",6.5,1.36,5.57,7.12
"435",8.28,5.79,1.87,3.57
"436",5.97,9.24,5.95,8.09
"437",7.02,9.62,1.39,4.93
"438",5.91,1.1,1.44,9.84
"439",4.31,9.9,1.27,8.07
"440",3.84,1.08,1.32,8.2
"441",6.34,9.54,4.49,9.5
"442",1.07,9.9,1.48,5.7
"443",4.37,9.86,1.14,9.64
"444",8.22,9.78,8.95,9.58
"445",6.26,9.73,1.89,9.56
"446",5.82,1.14,1.89,9.68
"447",8.91,9.56,3.06,7.51
"448",5.49,1.45,1.19,9.91
"449",9.07,9.62,1.64,8.24
"450",7.59,1.1,2.08,1.07
"451",8.3,1.4,1.27,8.31
"452",4.71,1.11,1.03,7.72
"453",5.61,8.59,1.02,4.87
"454",2.53,9.55,4.89,4.84
"455",6.15,9.6,1.67,7.86
"456",6.5,9.94,1.28,6.57
"457",8.15,9.98,5.48,1.28
"458",1.4,8.67,1.36,6.91
"459",6.42,1.22,1.05,3.47
"460",1.16,1.03,1.33,1.2
"461",4.84,9.85,8.74,8.28
"462",5.21,1.08,1.98,7.66
"463",1.63,1.03,8.88,5.53
"464",3.59,1.4,7.74,5.72
"465",5.85,9.87,4.39,1.27
"466",6.19,1.24,4.28,6.49
"467",4.86,8.76,2.05,7.34
"468",6.7,9.69,2.62,7.97
"469",6.92,1.46,1.39,7.47
"470",9.64,4.34,1.05,9.71
"471",9.69,9.9,5.74,7.36
"472",5.36,1.41,1.03,9.55
"473",6.43,4.86,9.58,9.75
"474",6.87,1.37,6.92,9.01
"475",5.62,9.77,1.34,6.91
"476",3.07,9.8,1.2,5.88
"477",5.17,1.02,2.65,6.57
"478",3.97,1.07,1.2,9.69
"479",6.11,1.02,3.72,7.49
"480",5.66,9.51,5.43,4.53
"481",6.24,1.04,3.25,9.66
"482",4.13,9.74,1.29,9.59
"483",6.94,9.56,3.49,5.3
"484",4.19,9.98,1.05,8.86
"485",4.51,9.57,2.85,9.69
"486",5.72,9.84,9.71,8.81
"487",6.01,9.9,4.05,7.26
"488",2.63,1.15,1.43,7.59
"489",5.22,9.91,2.87,9.33
"490",3.31,9.95,4.57,8.21
"491",4.69,1.08,1.38,1.25
"492",5.63,9.95,3.03,7.13
"493",4.92,1.05,1.29,7.56
"494",7.06,9.7,1.59,9.93
"495",5.77,1.01,1.41,5.05
"496",6.51,9.58,4.22,8.14
"497",5.05,1.34,2.6,9.56
"498",4.88,9.12,3.57,7.09
"499",7.25,7.02,2.81,9.99
"500",5.23,7.89,1.25,9.15
"501",4.99,9.67,5.34,6.63
"502",3.61,9.82,4.64,7.68
"503",6.92,8.8,2.99,8.65
"504",3.68,9.91,1.42,7.48
"505",7.47,1.15,2.93,3.02
"506",6.49,1.11,1.18,1.02
"507",7.94,9.93,1.38,9.66
"508",3.22,9.62,1.18,9.93
"509",7.56,1.37,4.65,9.73
"510",7.38,9.76,1.01,8.26
"511",5.56,2.24,4.13,9.07
"512",5.09,1.19,1.32,7.74
"513",6.44,9.97,1.57,9.24
"514",7.22,1.06,1.4,9.6
"515",4.37,7.84,1.83,9.92
"516",4.64,9.7,1.12,9.27
"517",2.65,9.95,9.97,1.1
"518",7.56,1.46,9.94,7.63
"519",9.97,9.63,5.17,6.73
"520",3.67,9.53,3.08,9.94
"521",7.92,9.94,9.79,9.53
"522",1.64,9.32,1.5,7.79
"523",5.77,1.2,6.01,9.79
"524",7.37,9.81,9.8,8.69
"525",6.03,1.28,2.24,2.21
"526",2.72,1.27,1.31,9.72
"527",5.97,9.56,1.09,2.89
"528",3.94,1.28,1.48,6.9
"529",3.6,7.91,1.37,8.73
"530",5.41,9.67,4.13,9.84
"531",5.81,9.71,6.18,7.99
"532",8.3,9.74,4.19,9.58
"533",5.26,9.56,1.75,7.35
"534",6.26,1.16,4.6,5.14
"535",9.42,9.62,1.67,3.74
"536",6.23,1.12,3.26,6.89
"537",2.36,1.11,1.07,8.85
"538",6.92,9.58,1.86,8.02
"539",6.25,9.94,5.46,9.11
"540",1.1,1.49,5.54,7.51
"541",5.69,9.89,1.34,9.59
"542",3.89,9.8,1.24,8.06
"543",4.21,9.74,5.26,6.46
"544",5.86,9.32,9.95,9.73
"545",5.38,2.81,2.95,9.32
"546",5.87,9.73,1.19,6.65
"547",7.68,8.34,3.44,9.71
"548",8.4,9.96,9.79,9.6
"549",6.17,1.08,1.2,9.33
"550",5.82,9.55,2.86,5.5
"551",3.18,9.6,9.89,6.77
"552",4.53,9.66,2.13,6.89
"553",1.41,1.02,4.49,9.12
"554",1.74,8.28,5.61,1.19
"555",5.91,9.05,3.3,8.16
"556",7.4,1.13,1.05,9.6
"557",4.52,1.23,2.04,7.16
"558",5.12,1.35,2.52,8.96
"559",6.02,1.2,5.08,7.17
"560",4.56,9.96,2.94,8.72
"561",5.84,9.79,1.08,8.52
"562",8.49,9.62,2.37,8.89
"563",4.15,9.68,1.36,9.7
"564",4.43,9.38,3.09,8.24
"565",5.86,9.61,1.59,3.42
"566",4.48,9.63,2.89,7.62
"567",8.74,1.14,1.29,7.17
"568",8.07,1.19,5.2,5.53
"569",3.44,9.73,5.26,9.73
"570",6.31,8.84,1.04,6.75
"571",6.49,9.99,5.05,6.72
"572",3.65,7.28,9.69,8.15
"573",4.5,9.96,9.83,9.62
"574",6.1,1.01,2.57,1.84
"575",5.4,1.17,1.03,5.89
"576",9.87,9.76,1.57,9.8
"577",7.27,9.71,2.29,8.46
"578",6.09,9.69,4.54,2.47
"579",5.58,1.46,4.11,7.15
"580",4.93,9.55,2.76,9.95
"581",9.88,9.73,1.28,8.43
"582",1.23,8.27,4.22,9.92
"583",5.01,1.32,1.2,9.98
"584",4.77,9.8,7.13,9.55
"585",1.25,6.57,2.64,9.7
"586",3.42,1.22,3.49,9.82
"587",5.63,9.75,4.71,7.57
"588",9.61,9.61,4.21,9.36
"589",5.9,9.53,1.73,9.19
"590",5.15,9.99,1.96,9.87
"591",8.24,9.6,1.21,9.74
"592",5.33,9.81,9.69,9.14
"593",8.93,9.66,2.05,1.06
"594",6.18,1.13,2.68,9.68
"595",3.1,9.57,1.64,9.1
"596",6.85,7.41,2.62,6.84
"597",6.67,7.12,2.86,9.76
"598",5.09,9.85,1.24,7.29
"599",7.96,9.69,7.68,9.56
"600",6.14,1.04,9.62,8.58
"601",4.51,9.9,1.1,8.58
"602",1.43,1.3,1.38,9.51
"603",5.56,9.81,5.26,6.9
"604",9.72,1.32,1.46,7.27
"605",4.81,1.23,4.59,8.39
"606",7.3,1.41,3.43,2.23
"607",1.29,9.66,1.31,9.58
"608",7.48,2.07,7.3,9.27
"609",7.04,9.81,1.15,7.95
"610",4.42,9.61,1.13,4.52
"611",4.92,9.8,3.83,9.68
"612",4.75,1.06,1.18,8.66
"613",5.8,9.81,1.3,1.3
"614",5.94,9.96,6.56,5.62
"615",5.14,1.03,9.69,9.61
"616",9.85,9.55,5.05,9.94
"617",4.31,1.13,2.13,6.61
"618",8.02,9.56,2.53,7.95
"619",2.26,9.95,1.37,9.99
"620",5.9,1.23,1.09,5.73
"621",2.2,8.5,4.96,8.89
"622",2.79,9.58,2.43,8.67
"623",9.72,1.34,2.29,9.46
"624",4.72,9.76,1.35,7.65
"625",4.95,1.1,5.37,9.96
"626",6.04,9.83,2.87,8.17
"627",5.84,9.76,1.34,6.68
"628",9.71,9.78,1.08,7.78
"629",6.84,1.31,3.6,6.65
"630",4.33,1.22,1.79,7.45
"631",9.57,9.7,1.36,9.14
"632",5.27,1.03,1.38,5.43
"633",2.96,1.56,1.39,7.34
"634",4.33,1.49,2.51,7.26
"635",4.81,9.84,2.46,6.6
"636",5.5,1.19,4.27,7.09
"637",5.55,8.77,2.95,5.38
"638",9.79,1.38,3.32,9.21
"639",5.87,7.44,3.21,1.09
"640",5.77,9.95,6.48,7.58
"641",5.57,9.61,3.38,8.02
"642",4.82,9.7,1.4,9.7
"643",7.16,1.28,3.65,8.73
"644",4.85,9.81,1.4,9.89
"645",5.82,9.88,1.43,9.12
"646",7.15,9.88,1.31,9.42
"647",4.69,9.88,5.95,9.93
"648",9.19,1.13,4.85,9.56
"649",9.18,1.1,2.75,8.41
"650",9.83,1.11,9.87,7.77
"651",9.68,9.88,2.11,9.85
"652",7.45,6.45,4.83,8.83
"653",3.67,1.01,3.93,8.45
"654",6.07,1.42,1.13,7.1
"655",1.35,1.31,1.62,6.72
"656",3.45,1.38,1.05,1.27
"657",2.97,9.58,1.51,7.69
"658",6.28,1.34,2.54,8.55
"659",4.67,9.95,2.13,8.15
"660",5.65,1.09,1.16,7.86
"661",5.9,1.15,1.86,4.02
"662",7.14,9.72,2.95,7.97
"663",2.94,2.47,1.17,7.82
"664",4.87,9.51,4.38,7.88
"665",9.33,9.63,1.42,9.82
"666",5.86,9.98,9.79,9.18
"667",5.55,9.91,1.04,6.57
"668",4.26,9.83,2.57,6.87
"669",7.36,9.72,1.43,1.42
"670",3.66,9.72,1.37,6.6
"671",4.1,1.42,7.07,9.44
"672",6.75,1.07,1.08,1.41
"673",8.15,9.57,1.37,8.72
"674",7.25,1.48,1.32,9.99
"675",6.38,9.57,1.21,6.92
"676",6.33,9.93,1.48,8.26
"677",9.55,1.3,6.59,9.75
"678",4.01,9.51,1.84,8.15
"679",8.09,1.3,1.34,9.96
"680",6.15,9.96,3.92,7.69
"681",1.44,1.39,2.94,4.97
"682",4.82,1.36,1.31,9.18
"683",1.69,8.82,3.61,1.39
"684",4.63,1.26,1.36,6.66
"685",3.54,9.72,9.63,9.97
"686",5.63,9.52,9.75,4.3
"687",9.64,1.27,1.09,9.99
"688",5.23,9.97,9.58,9.09
"689",5.24,1.48,2.45,8.5
"690",4.53,1.11,2.71,6.25
"691",6.12,9.63,1.32,6.81
"692",4.68,9.59,4.84,9.7
"693",6.13,9.67,1.31,7.21
"694",5.73,9.63,9.77,9.52
"695",6.41,9.68,1.3,9.76
"696",7.26,9.65,6.47,7.28
"697",6.38,1.14,2.63,9.55
"698",6.28,9.61,3.26,1.37
"699",3.56,9.51,9.12,9.96
"700",6.38,9.71,1.29,8.08
"701",8.01,1.32,3.04,6.76
"702",3.47,9.59,9.77,8.29
"703",4.28,1.48,4.13,8.7
"704",6.82,1.05,3.03,8.81
"705",4.85,1.07,1.48,7.24
"706",4.72,1.4,2.95,8.5
"707",6.52,9.78,6.05,7.31
"708",5.06,9.53,5.19,6.64
"709",7.63,9.59,1.22,6.85
"710",4.27,9.62,4.7,9.69
"711",5.37,1.46,1.38,1.01
"712",5.29,9.87,5.37,9.69
"713",3.22,9.83,2.56,6.5
"714",6.71,1.17,3.35,8.87
"715",5.66,9.55,3.54,7.73
"716",4.96,1.39,9.97,7.16
"717",5.91,9.66,1.01,9.1
"718",5.42,9.59,5.67,7.27
"719",3.68,9.98,2.37,6.85
"720",1.57,9.72,1.82,9.06
"721",9.89,1.24,2.18,1.21
"722",4.71,9.7,1.29,9.08
"723",7.11,9.62,1.14,7.77
"724",5.99,8.5,1.29,8.86
"725",6.65,9.92,4.53,9.52
"726",5.56,9.96,1.06,6.76
"727",2.06,9.74,9.95,8.14
"728",3.65,1.31,6.08,9.74
"729",4.24,9.74,5.5,8.55
"730",1.42,1.2,2.88,9.63
"731",4.51,9.58,1.11,9.63
"732",2.14,9.79,6.27,7.34
"733",2.52,9.7,1.39,9.93
"734",6.08,9.81,1.07,9.93
"735",4.45,9.68,1.46,9.4
"736",5.63,1.29,3.82,9.87
"737",6.5,9.79,1,7.52
"738",5.88,8.66,1.38,9.82
"739",7.12,9.89,1.44,8.23
"740",4.36,1.34,3.3,9.91
"741",4.66,9.5,1.48,9.74
"742",5.48,9.58,1.37,6.09
"743",2.16,9.64,9.53,9.38
"744",4.95,1.24,1.52,9.56
"745",6.77,1.45,3.94,9.96
"746",5.2,1.1,1.47,7.33
"747",5.78,1.21,5.04,8.08
"748",6.06,9.54,1.21,9.61
"749",5.13,9.55,8.41,9.09
"750",7.64,9.51,1.04,5.1
"751",6.64,9.68,1.25,8.14
"752",5.52,9.79,1.59,6.66
"753",5.28,9.66,1.04,6.94
"754",6.31,1.2,4.76,5.33
"755",7.55,9.69,1.07,7.5
"756",4.73,8.19,3.62,8.61
"757",6,1.48,4.93,6.83
"758",6.34,9.6,3.16,9.54
"759",3.51,9.52,5.92,8.34
"760",6.69,7.07,1.59,9.72
"761",5.26,1.49,1.41,7.91
"762",9.89,8.6,1.28,9.94
"763",6.39,1.26,1.32,9.64
"764",2.86,1.48,2.62,7.73
"765",7.42,1,4.2,8.12
"766",6.48,1.02,3.73,9.7
"767",5.04,2.15,3.1,9
"768",4.15,1.42,2.47,6.74
"769",5.54,1.23,1.16,9.52
"770",5.36,1.13,1.03,1.02
"771",5.05,8.62,2.33,9.82
"772",6.78,9.25,1.89,9.56
"773",7.34,9.79,4.07,6.21
"774",6.57,1.19,1.21,9.9
"775",6.53,9.89,5.78,9.57
"776",5.8,8.21,2.71,8.59
"777",9.62,1.06,4.14,9.24
"778",6.18,1.45,1.1,9.82
"779",6.81,9.14,5.82,6.88
"780",9.56,9.86,1.51,8.2
"781",5.31,9.04,1.95,1.31
"782",8.73,9.72,3.61,9.79
"783",6,9.53,3.27,9.6
"784",4.19,9.86,1.36,9.98
"785",4.5,1.39,1.48,7.86
"786",9.66,9.82,7.15,7.39
"787",5.99,9.86,5.96,8.37
"788",6.02,1.25,9.77,9.79
"789",7.26,3.88,1.46,7.75
"790",5.7,9.79,1.22,6.65
"791",6.78,1.2,9.73,7.89
"792",7.48,9.88,2.11,7.15
"793",7.47,9.76,1.1,9.76
"794",3.79,1.22,1.89,9.55
"795",6.86,1.12,2.75,8.15
"796",5.89,9.79,1.37,9.53
"797",9.17,1,1.11,6.03
"798",6.56,1.04,1.24,7.71
"799",4.56,1.45,1.1,9.65
"800",6.56,9.66,1.35,9.79
"801",7.09,1.4,4.92,7.67
"802",4.82,1.26,9.69,6.96
"803",4.69,9.57,1.84,7.99
"804",4.77,1.49,9.9,9.95
"805",5.17,1.23,1.42,9.57
"806",7.91,9.84,1.27,8.18
"807",9.16,9.52,2.81,9.18
"808",6.73,1.33,4.16,9.76
"809",5.18,8.12,3.79,9.57
"810",4.16,9.97,4.11,9.61
"811",4.79,7.24,5.57,9.7
"812",3.68,9.54,1.14,5.08
"813",6.62,9.51,3.86,8.46
"814",5.68,1.4,5.26,7.97
"815",6.06,1.43,1.24,7.92
"816",5.73,9.68,1.34,7.09
"817",5.46,1.29,1.17,9.19
"818",7.6,9.59,4.89,5.96
"819",5.11,1.33,1.03,8.27
"820",3.47,1.14,3.04,8.28
"821",2.51,3.61,1.88,7.92
"822",8.37,9.74,1.14,9.31
"823",7.02,1.32,1.35,7.88
"824",3.6,1.41,3.98,6.63
"825",4.52,9.69,1.1,9.39
"826",5.98,9.75,2.77,1.29
"827",7.74,9.66,9.77,8.35
"828",5.84,9.73,3.94,7.32
"829",4.55,9.82,3.27,6.77
"830",4.56,9.72,1.32,1.37
"831",7.39,1.2,2.99,8.86
"832",5.87,1.21,2.61,7.58
"833",7.67,9.69,9.55,8.14
"834",6.68,1.14,4.06,5.53
"835",4.32,1.45,4.5,7.55
"836",7.65,1.07,2.31,1.56
"837",4.37,9.84,2.64,9.86
"838",5.35,9.84,1.26,9.12
"839",7.91,1.11,9.94,6.86
"840",3.84,1.33,5.15,9.52
"841",8.76,9.89,3.6,7.13
"842",3.9,9.64,1.28,6.9
"843",8.96,9.14,2.12,7.17
"844",7.27,9.63,2.44,9.6
"845",9.61,1.31,8.37,9.85
"846",6.23,8.91,3.02,6.79
"847",6.26,1.3,1.15,4.51
"848",8.67,9.87,1.33,4.76
"849",6.8,1.03,2.37,8.6
"850",5.69,9.66,2.97,9.26
"851",5.39,7.9,7.01,7.88
"852",9.2,1.18,3.02,9.72
"853",6.71,1.28,1.15,1.2
"854",5.33,8.56,2.21,5.26
"855",7.12,1.47,1.32,5.78
"856",9.57,9.55,4.21,5.85
"857",4.66,1.12,2.92,1.31
"858",4.93,9.79,4.24,7.16
"859",9.65,1.3,1.21,8.61
"860",6.61,9.63,7.65,8.49
"861",1.47,6.31,1.22,6.5
"862",4.87,9.88,5.12,7.32
"863",7.5,10,1.27,9.92
"864",8.12,1.38,5.27,7.36
"865",6,1.05,1.03,3.68
"866",4.06,1.47,7.94,9.31
"867",4.9,1.03,4,6.58
"868",4.7,9.99,1.35,1.49
"869",5.57,1.4,1.23,7.14
"870",6.67,9.85,1.32,7.41
"871",5.58,9.84,4.76,8.3
"872",5.44,7.01,1.03,9.93
"873",5.84,9.75,1.31,7.17
"874",6.38,9.85,9.63,8.99
"875",3.73,9.51,1.3,5.05
"876",3.69,8.7,1.19,6.5
"877",4.02,1.8,4.42,7.86
"878",5.22,1.26,2.51,9.62
"879",5.74,9.58,1.31,9.4
"880",4.62,9.77,4.52,9.64
"881",8.28,9.86,2.66,9.69
"882",3.91,9.89,9.51,7.3
"883",6,9.79,1.42,8.51
"884",4.35,9.53,2.44,9.56
"885",4.44,1.05,4.24,9.65
"886",8.25,9.51,9.64,9.73
"887",4.85,1.43,1.05,9.98
"888",4.91,1.15,1.27,9.35
"889",6.58,8.71,4.97,5.01
"890",6.41,9.99,1.34,9.13
"891",5.42,9.73,1.63,7.72
"892",4.04,9.64,1.57,8.42
"893",5.27,9.59,1.14,7.56
"894",5.91,9.52,3.93,8.36
"895",1.35,9.82,1.16,6.38
"896",5.72,9.71,7.45,9.6
"897",7.93,9.54,1.26,8.61
"898",5.19,1.41,4.61,7.62
"899",4.83,8.63,6.37,7.93
"900",5.99,8.79,1.7,8.87
"901",2.02,1.43,1.17,9.4
"902",6.96,1.17,2.86,9.6
"903",5.51,1.09,2.36,1.19
"904",8.38,9.63,1.07,7.42
"905",5.87,1.1,6.36,9.76
"906",7.12,9.68,1.78,6.53
"907",4.23,1.02,6.6,9.53
"908",5.89,9.58,2.44,8.77
"909",6.57,9.89,2.16,9.56
"910",5.74,1.17,2.98,7.72
"911",5.19,9.71,1.96,8.37
"912",4.93,1.16,1.06,9.98
"913",5.81,8.56,5.49,8.83
"914",4.76,9.74,1.16,9.87
"915",9.59,9.79,5.14,8.9
"916",4.2,9.72,7.51,9.67
"917",2.4,1.23,7.41,9.18
"918",5.67,9.74,2.64,9.59
"919",6.24,9.91,1.18,9.9
"920",7.12,9.91,3.49,7.42
"921",3.18,9.82,2.65,8.16
"922",1.41,1.96,2.94,6.52
"923",6.93,1.22,7.69,9.71
"924",7.41,9.72,4.46,6.34
"925",3.35,1.24,1.26,5.28
"926",4.58,1.35,3.49,8.16
"927",6.05,9.69,4.44,6.08
"928",8.22,1.36,1.37,4.09
"929",2.55,9.71,1.46,6.56
"930",7.12,1.39,9.97,7.46
"931",8.3,9.69,1.05,9.57
"932",6.56,5.16,3.32,9.62
"933",8.26,9.7,1.34,7.66
"934",5.87,1.04,1.02,7.64
"935",9.67,1.43,9.84,9.17
"936",5.03,1.49,1.06,6.42
"937",3.66,9.86,3.26,9.67
"938",6.03,8.59,1.16,8.57
"939",5.21,9.78,9.85,8.85
"940",7.31,1.17,1.04,7.57
"941",4,1.43,5.71,9.31
"942",6.19,9.76,1.44,9.13
"943",5.93,1.09,2.37,7.81
"944",5.28,1.24,6.25,9.83
"945",5.68,9.69,3.47,8.59
"946",6.92,1.27,8.19,7.05
"947",4.86,1.2,4.19,9.61
"948",5.79,9.61,6.31,7.7
"949",6.2,1.46,6,9.78
"950",6.1,1.16,8.56,7.82
"951",9.87,9.02,1.04,7.76
"952",5.43,1.42,1.47,9.25
"953",6.25,9.78,1.37,7.84
"954",5.49,9.8,1.28,7.97
"955",4.55,9.73,2.27,7.02
"956",4.81,9.32,5.42,5.88
"957",5.68,1.15,2.63,9.76
"958",4.38,9.6,1.26,7.03
"959",4.69,9.8,1.49,7.5
"960",4.76,9.98,2.35,9.86
"961",5.93,8.98,2.49,6.81
"962",5.86,5.76,3.09,8.26
"963",6.19,9.75,1.28,9.86
"964",5.49,9.6,1.46,7.93
"965",6.91,1.17,1.55,8.34
"966",2.69,9.54,5.82,7.19
"967",2.67,9.68,6.15,8.17
"968",5.75,8.74,5.49,6.91
"969",5.01,9.88,1.29,9.76
"970",5.01,8.44,9.54,9.27
"971",8.34,1.29,2.04,6.65
"972",1.95,1.48,1.43,9.68
"973",6.04,9.96,3.35,8.53
"974",7.12,9.99,9.59,9.15
"975",6.81,1.23,4.1,9.33
"976",5.25,10,1.3,8.49
"977",6.8,1.46,1.55,9.66
"978",7.37,8.88,3.27,9.78
"979",7.72,1.19,3.77,9.83
"980",6.73,1.23,9.08,6.86
"981",1.23,9.82,1.06,7.29
"982",5.86,1.25,9.68,9.94
"983",8.4,1.03,6.76,8.27
"984",5.71,1.24,1.45,6.28
"985",1.05,9.61,7.99,2.63
"986",5.32,9.78,1.02,6.42
"987",4.77,1.15,1.09,7.95
"988",5.22,9.94,1.08,7.24
"989",5.66,9.63,3.72,8.39
"990",7.32,9.54,4.4,8.55
"991",1.46,1.42,2.35,6.55
"992",1.68,1.17,9.58,8.27
"993",7.32,9.62,1.63,8
"994",4.56,1.01,4.22,8.14
"995",6.75,1.45,3.16,8.82
"996",5.91,9.86,8.49,7.61
"997",1.35,7.21,1.34,5.27
"998",7.34,9.62,1.35,8.01
"999",6.01,9.89,1.3,8.77
"1000",6.09,1.08,5.88,9.86
"1001",3.76,9.83,2.26,8.2
"1002",4.33,1.46,1.46,9.81
"1003",4.7,1.44,1.39,9.56
"1004",5.03,9.98,2.78,9.64
"1005",4.17,1.43,2.03,9.98
"1006",9.93,9.57,2.76,9.4
"1007",5.39,1.41,3.75,8.44
"1008",4.11,1.44,1.12,7.68
"1009",3.68,9.01,3.37,9.19
"1010",7.21,9.62,2.32,3.01
"1011",1.08,9.56,2.11,9.69
"1012",4.45,1.48,1.29,7.52
"1013",4.11,9.77,2.19,9.87
"1014",5.54,1.37,1.31,7.14
"1015",6.48,8.85,2.35,7.34
"1016",4.92,1.03,1.29,7.6
"1017",9.84,8.61,1.03,7.63
"1018",8.37,1.17,9.78,8.31
"1019",5.28,9.78,1.95,8.94
"1020",6.41,1.11,2.68,8.46
"1021",6.32,1.02,1.92,8.02
"1022",6.09,10,1.06,9
"1023",4.71,9.44,1.22,9.58
"1024",7.1,9.75,1.37,7.15
"1025",5.33,9.57,2.8,4.62
"1026",5.93,9.72,2.15,1.07
"1027",6.77,9.06,5.53,7.35
"1028",5.8,9.99,4.05,7.97
"1029",3.06,8.1,9.74,9.65
"1030",5.61,1.35,9.94,9.99
"1031",3.81,9.05,1.41,7.09
"1032",7.47,1.42,1.3,9.34
"1033",1.12,10,5.17,9.74
"1034",4.91,7.47,1.19,3.03
"1035",5.19,1.43,4.51,9.88
"1036",6.26,9.96,3.91,7.86
"1037",6.41,9.84,4.52,8.5
"1038",2.13,9.25,1.42,6.8
"1039",9.7,9.61,6.84,9.64
"1040",6.05,1.32,2.76,7.7
"1041",5.7,1.41,1.23,9.87
"1042",6.4,9.55,4.3,9.04
"1043",4.23,8.73,7.06,4.49
"1044",7.34,9.91,4.21,9.92
"1045",6.62,8.64,2.06,8.5
"1046",5.95,9.58,1.27,8.61
"1047",2.87,1.15,1.75,8.26
"1048",4.08,9.73,4.25,9.53
"1049",9.94,9.84,1.04,7.82
"1050",6.11,9.76,4.31,6.25
"1051",6.7,9.97,1.44,7.28
"1052",3.49,1.37,1.35,7.29
"1053",5.32,9.58,4.4,4.09
"1054",6.64,1.32,2.35,5.08
"1055",8.42,1.26,1.13,7.57
"1056",5.86,9.79,5.74,9.69
"1057",2.65,9.96,2.75,8.63
"1058",4.08,9.79,3.95,9.81
"1059",4.42,9.54,1.26,8.39
"1060",3.09,9.72,9.68,9.62
"1061",6.12,1.15,1.41,6.55
"1062",3.39,1.49,3.51,7.4
"1063",6.6,1.24,1.27,7.29
"1064",6.62,9.65,9.94,9.6
"1065",5.04,9.74,5.7,2.15
"1066",6.04,9.89,1.18,9.81
"1067",4.8,1.44,1.78,8.32
"1068",4.98,8.91,1.31,1.17
"1069",5.63,1.37,2.88,8.27
"1070",5.67,9.03,5.38,9.75
"1071",7.37,5.67,3.78,9.7
"1072",6.02,1.27,7,7.66
"1073",4.97,1.06,1.54,9.08
"1074",5.38,9.71,1.17,4.86
"1075",8.95,9.01,1.1,5.67
"1076",4.83,1.29,2.25,8.55
"1077",8.87,9.98,9.7,9.47
"1078",9.72,1.39,1.32,7.2
"1079",4.83,9.56,5.46,1.29
"1080",6.85,1.4,4.08,6.65
"1081",5.02,9.58,5.34,9.6
"1082",6.69,9.64,5.48,9.62
"1083",4.85,1.31,6.38,9.86
"1084",5.71,9.59,3.11,5.04
"1085",7.18,9.97,9.54,7.75
"1086",7.61,1.21,1.43,8.99
"1087",4.76,3.21,5.2,5.18
"1088",6.05,1.36,3.05,8.08
"1089",4.91,9.67,1.31,8.5
"1090",7.07,1.01,1.32,9.69
"1091",7.32,9.76,1.34,9.73
"1092",4.6,1.27,7.15,9.71
"1093",3.07,5.01,4.33,9.33
"1094",4.82,9.52,1.03,6.05
"1095",7.51,1.36,4.59,6.86
"1096",6.9,9.78,2.09,6.86
"1097",6.31,1.3,2.56,8.08
"1098",1.85,1.12,2.39,1.07
"1099",4.76,1.44,7.24,9.97
"1100",5.16,9.96,1.01,9.74
"1101",7.36,9.6,1.07,7.97
"1102",2.28,9.51,1.31,9.94
"1103",5.2,1.73,4.11,7.82
"1104",1.49,8.79,1.49,9.16
"1105",3.6,8.8,5.95,6.83
"1106",5.88,2,3.35,1.01
"1107",6.5,9.56,1.3,8.72
"1108",5.07,9.99,1.06,9.68
"1109",3.72,9.56,3.58,9.79
"1110",6.03,6.69,4.24,7.15
"1111",4.29,1.38,6.63,7
"1112",5.66,1.04,3.18,9.42
"1113",4.34,9.78,7.57,7.67
"1114",2.18,1.11,1.08,4.66
"1115",5.13,8.31,5.91,9.58
"1116",3.78,9.8,1.24,9.86
"1117",7.68,9.77,3.43,9.57
"1118",6.11,9.96,9.77,9.29
"1119",6.09,9.63,3.01,8.83
"1120",2.15,9.53,1.36,7.47
"1121",1.38,1.3,3.81,9.68
"1122",5.22,9.57,9.52,9.92
"1123",8.25,9.91,5.99,9.84
"1124",5.56,8.81,1.33,9.29
"1125",5.98,9.93,9.67,9.83
"1126",5.07,9.83,9.74,8.39
"1127",6.5,9.54,1.02,9.52
"1128",6.75,4.82,1.14,9.56
"1129",9.85,9.76,4.84,7.59
"1130",6.26,1.21,9.72,5.98
"1131",3.08,1.12,5.83,9.76
"1132",8.01,9.82,2.03,9.4
"1133",6.05,9.58,1.44,6.91
"1134",5.94,1.19,2.99,6.84
"1135",9.57,8.81,1.37,8.24
"1136",6.62,1.31,2.23,9.66
"1137",5.13,1.11,1.11,8.85
"1138",1.68,1.1,1.36,9.78
"1139",3.68,1.43,2.03,6.56
"1140",6.03,8.64,2.97,8.94
"1141",3.95,9.7,4.52,9.72
"1142",1.63,8.75,1.34,8.29
"1143",9.78,1.14,4.52,7.68
"1144",8.3,7.77,9.87,1.33
"1145",3.5,3.57,1.67,7.06
"1146",8.37,9.64,3.9,6.74
"1147",5.75,7.72,2.58,9.03
"1148",6.17,9.59,7.22,7.14
"1149",6.38,9.58,1.76,9.51
"1150",4.7,9.65,9.74,9.57
"1151",4.99,9.69,1.58,9.35
"1152",8.04,9.82,3.54,8.71
"1153",6.75,9.94,1.55,9.78
"1154",6.79,1.39,2.04,7.54
"1155",9.83,1.06,5.54,8.05
"1156",7.17,9.76,1,5.78
"1157",4.05,1.4,5.44,9.54
"1158",6.02,9.63,5.99,7.33
"1159",4.24,1.38,1.17,9.95
"1160",6.2,9.65,2.62,6.77
"1161",6.05,9.78,9.82,8.84
"1162",7.25,9.77,5.99,9.78
"1163",6.74,5.01,1.41,8.02
"1164",7.69,9.78,3.85,9.57
"1165",7.19,9.86,1.39,9.91
"1166",4.69,1.46,1.81,9.84
"1167",5.58,1.06,1.36,6.78
"1168",3.77,1.36,5.43,6.21
"1169",8.46,1.46,2.22,8.49
"1170",6.04,10,1.31,3.63
"1171",3.42,9.76,9.78,9.72
"1172",6.75,9.71,6.16,6.88
"1173",4.93,9.82,1.01,7.42
"1174",4.53,9.98,1.17,9.91
"1175",4.17,1.4,2.01,9.79
"1176",8.21,1.25,5.32,1.26
"1177",6.33,1.48,2.22,9.8
"1178",6.75,8.46,2.01,8.61
"1179",1.97,1.06,1.27,7.16
"1180",6.88,1.23,1.44,3.21
"1181",4.04,1.08,1.18,7.49
"1182",6.75,1.3,1.06,9.86
"1183",4.67,9.62,9.89,7.5
"1184",4.67,7.58,1.87,8.07
"1185",6.87,1.37,1.08,1.28
"1186",5.01,1.31,1.12,7.87
"1187",4.57,9.87,2.18,1.36
"1188",4.36,9.7,5.44,9.38
"1189",4.96,9.64,9.63,9.6
"1190",9.53,1.01,1.05,9.08
"1191",4.55,5.98,4.7,5.24
"1192",4.53,9.72,3,9.1
"1193",1.07,1.44,9.85,7.45
"1194",4.75,9.27,7.2,7.45
"1195",9.85,7.58,5.14,9.55
"1196",4.28,9.71,1.46,7.08
"1197",5.01,9.22,1.2,8.67
"1198",3.62,9.55,2.45,1.03
"1199",4.51,9.8,1.89,5.76
"1200",1.69,1.42,4.21,7.37
"1201",4.38,1.08,3.97,9.96
"1202",6.65,9.91,5.83,6.65
"1203",6.9,6.84,1.37,8.24
"1204",6.54,1.14,3.12,7.89
"1205",6.21,9.51,2.15,7.2
"1206",6.42,9.69,1.5,8.08
"1207",6.08,9.73,1.45,8.33
"1208",7.44,8.95,1.6,7.37
"1209",7.26,9.71,6,7.76
"1210",8.49,1.22,1.48,9.78
"1211",9.74,1.48,4.54,9.07
"1212",4.47,9.84,9.92,9.64
"1213",6.41,1.41,1.42,8.17
"1214",6.43,9.69,1.36,10
"1215",9.69,9.67,5.42,9.52
"1216",5.68,9.95,1.88,1.14
"1217",1.39,1.19,1.37,9.85
"1218",3.71,1.27,6.41,6.49
"1219",6.59,7.02,2.28,2.59
"1220",6.01,1.03,1.04,1.22
"1221",2.71,1.35,3.22,7.77
"1222",9.67,7.09,9.68,8.14
"1223",5.44,9.7,1.24,9.04
"1224",7.32,10,1.33,9.72
"1225",5.59,1.97,5.47,9.97
"1226",3.29,1.21,1.44,8.24
"1227",4.19,1,1.61,8.5
"1228",2.41,1.24,9.88,7.48
"1229",5.58,9.83,4.29,8.3
"1230",6.74,9.5,1.06,7.13
"1231",7.3,1.32,9.78,9.52
"1232",5.93,9.99,6,9.98
"1233",8.48,1.39,3.98,9.19
"1234",5.41,9.87,4.49,1.06
"1235",5.66,9.67,1.03,8.19
"1236",9.52,9.67,3.79,6.92
"1237",5.18,9.94,5.86,9.5
"1238",6.2,9.94,2.56,7.78
"1239",4.92,1.5,5.54,9.52
"1240",4.74,9.63,3.55,2.91
"1241",7.64,1.47,6.57,5.38
"1242",4.54,1.24,3.87,9.89
"1243",9.23,9.52,2.1,6.83
"1244",5.19,9.85,7.47,6.2
"1245",7.14,9.79,1.32,3.1
"1246",7.55,6.72,2.55,6.83
"1247",7.36,9.94,1.17,9.52
"1248",5.8,4.56,1.43,8.81
"1249",5.8,9.98,1.23,6.63
"1250",5.29,9.72,1.24,7.01
"1251",6.38,1.4,1.9,9.98
"1252",1.31,9.97,9.56,9.96
"1253",5.06,8.71,1.22,9.38
"1254",1.4,1.34,2.15,8.69
"1255",5.46,9.55,1.82,2.95
"1256",1.31,9.52,1.17,7.35
"1257",3.11,1.14,1.88,6.99
"1258",4.37,1.22,3.41,1.11
"1259",9.89,1.22,1.53,8.49
"1260",5.33,9.6,3.3,7.73
"1261",5.06,9.68,9.56,8.17
"1262",8.82,9.51,4.29,7.38
"1263",6.71,9.89,1.09,8.23
"1264",6.11,9.58,1.03,8.31
"1265",5.15,9.98,1.05,8.63
"1266",1.31,9.91,4.61,4.88
"1267",9.87,1.12,1,7.35
"1268",8.28,1.31,1.23,7.65
"1269",5.21,9.51,1.43,7.37
"1270",4.91,1.44,1.59,6.82
"1271",6.45,1.16,3.73,7.89
"1272",5.76,9.67,1.49,6.73
"1273",9.51,8.91,9.93,8.37
"1274",8.18,9.53,2.35,9.56
"1275",5.9,1.16,3.97,2.7
"1276",3.39,9.97,5.5,9.55
"1277",6.21,9.7,4.82,9.81
"1278",6.71,9.88,1.61,9.94
"1279",9.18,9.52,2.84,7.23
"1280",7.18,1.24,4.01,9.79
"1281",1.29,1,1.33,6.81
"1282",4.97,1.41,1,9.97
"1283",4.9,8.47,1.43,5.79
"1284",4.39,1.49,8.88,6.97
"1285",7.9,8.88,2.63,9.74
"1286",6.76,9.7,1.41,9.68
"1287",5.46,1.41,1.75,4.2
"1288",6.08,9.95,2.56,7.04
"1289",5.8,1.08,2.01,3.76
"1290",2.95,9.56,1.49,9.88
"1291",6.56,8.68,1.47,8.35
"1292",2.87,9.55,1.74,9.75
"1293",7.04,8.59,3.9,8.33
"1294",7.15,1.04,1.4,7.75
"1295",8.11,1.31,1.02,9.93
"1296",5.34,9.74,6,7.1
"1297",1.86,1.21,2.09,7.87
"1298",5.54,9.68,5.5,7.91
"1299",4.63,9.71,1.35,8.09
"1300",1.06,1.12,1.29,8.64
"1301",6.77,1.08,1.5,8
"1302",7.13,7.9,1.42,7.64
"1303",4.44,1.48,1.55,1.46
"1304",2.31,9.66,1.12,8.24
"1305",5.61,1.38,7.39,8.33
"1306",6.92,9.85,1.41,8.86
"1307",8.38,7.34,1.29,10
"1308",8.4,1.09,5.2,7.74
"1309",7.36,1.18,4.63,8.48
"1310",9.49,9.79,1.72,5.42
"1311",3.6,9.8,1.09,7.38
"1312",6.98,1.29,2.56,8.24
"1313",6.43,8.42,2.67,9.5
"1314",4.01,9.75,1.18,9.39
"1315",6,1.11,1.2,8.48
"1316",6.34,2.42,4.82,7.34
"1317",7.42,9.79,3.3,7.11
"1318",7.01,9.91,1.4,9.59
"1319",5.35,1.35,1.21,7.84
"1320",9.85,5.91,8.65,9.66
"1321",1.04,1.25,1.18,9.95
"1322",7.34,1.37,3.97,9.82
"1323",6.68,9.82,8.93,5.87
"1324",4.5,9.84,1.48,6.95
"1325",5.4,8.1,6.2,9.18
"1326",7.17,10,1.29,7.13
"1327",6.79,1.34,1.01,6.59
"1328",5.37,9.98,1.14,9.88
"1329",1.04,1.23,2.35,8.43
"1330",5.86,1.04,1.28,8.5
"1331",5.26,9.71,4.17,7.54
"1332",5.22,9.59,1.54,8.11
"1333",9.71,1.02,2.37,8.57
"1334",5.77,9.97,2.56,8.06
"1335",4.76,1.01,6.11,7.59
"1336",4.34,9.55,1.13,9.69
"1337",7.25,9.97,3.04,7.66
"1338",3.86,9.98,1.05,8.5
"1339",5.06,9.66,5.59,4.93
"1340",5.41,9.9,1.33,5.45
"1341",7.25,1.33,1,9.54
"1342",3.7,1.04,4.36,8.83
"1343",6.16,9.65,2.33,9.99
"1344",2,9.71,2.58,7.21
"1345",5.08,1.26,8.49,8.63
"1346",7.6,1.47,4.05,7.91
"1347",3.02,9.86,5.84,7.36
"1348",5.25,9.79,1.44,9.65
"1349",7.26,1.26,2.97,7.38
"1350",4.93,1.82,4.17,9.54
"1351",7.73,1.02,1.35,8.98
"1352",5.65,1.35,6.17,9.77
"1353",4.4,9.93,1.1,8.12
"1354",5.42,1.46,3.92,9.87
"1355",5.81,9.99,9.9,9.93
"1356",5.35,1.43,1.28,9.94
"1357",9.97,9.85,5.27,9.91
"1358",4.83,9.91,3.2,1.24
"1359",9.71,9.69,3.08,4.59
"1360",7.28,9.54,4.1,7.84
"1361",6.29,8.53,2.06,6.84
"1362",5.65,1.28,3.48,7.95
"1363",9.99,9.8,2.3,8.71
"1364",6.56,9.81,2.64,9.65
"1365",5.46,9.28,1.69,7.7
"1366",6.46,9.64,1.07,8.32
"1367",4.36,9.8,8.25,7.55
"1368",7.49,1.04,4.28,8.65
"1369",5.07,8.03,4.82,9.77
"1370",6.79,3.28,6.23,9.39
"1371",9.13,9.52,4.28,8.65
"1372",5.41,1.44,4.72,1.33
"1373",2.3,7.57,2.61,9.81
"1374",3.65,9.6,2.96,9.93
"1375",6.49,3.59,2.79,9.78
"1376",6.72,9.64,1.33,8.45
"1377",4.72,9.54,3.57,9.95
"1378",6.16,9.87,1.17,9.95
"1379",3.71,9.72,1.03,8.21
"1380",6.07,8.69,9.58,7.6
"1381",5.93,9.74,1.23,8.06
"1382",5.53,1.2,1.55,7.77
"1383",2.35,9.65,4.49,9.93
"1384",2.7,9.85,5.06,8.69
"1385",5.77,1.15,1.08,6.89
"1386",8.46,1.04,3,8.59
"1387",6.28,9.86,1.98,6.87
"1388",6.67,9.71,2.92,5.53
"1389",5.58,6.51,1.35,5.6
"1390",5.89,1.01,2.63,5.02
"1391",5.2,9.95,2.67,6.54
"1392",4.88,9.62,4.61,7.24
"1393",5.02,9.89,3.65,8.44
"1394",6.39,9.68,9.93,7.97
"1395",5.47,1.12,2.82,6.97
"1396",6.67,9.93,3.83,6.78
"1397",9.97,9.72,1.03,9.74
"1398",2.6,9.89,4.71,8.33
"1399",2.57,9.74,5.11,6.96
"1400",7.16,9.8,1.11,4.58
"1401",5.58,1.15,5.61,8.26
"1402",6.45,1.02,7.1,8.22
"1403",7.19,9.71,1.21,7.11
"1404",3.58,9.51,7.46,7.79
"1405",9.6,1.33,5.9,8.45
"1406",5.5,9.73,5.01,9.52
"1407",7.08,9.78,1.52,9.55
"1408",6.27,4.89,3.15,8.6
"1409",9.44,9.93,1.34,10
"1410",7.38,6.75,1.13,9.95
"1411",6.31,1.13,1.26,9.59
"1412",4.85,2.97,1,9.17
"1413",9.86,9.44,9.25,4.55
"1414",2.57,9.75,9.56,6.55
"1415",7.01,8.55,6.52,9.67
"1416",5.01,9.68,3.3,6.57
"1417",6.05,1.1,1.2,6.63
"1418",6.54,5.02,1.82,6.76
"1419",4.5,9.6,2.62,8.33
"1420",5.66,9.58,3.71,9.52
"1421",2.16,9.73,3.08,4.7
"1422",5.97,9.71,2.15,1.02
"1423",5.96,1.41,1.32,8.99
"1424",7.31,9.77,4.62,9.27
"1425",5.09,1.5,1.47,9.52
"1426",6.52,6.91,2.68,7.6
"1427",4.98,1.18,3.71,9.99
"1428",3.57,8.98,1.32,9.8
"1429",6.12,9.29,6.01,8.05
"1430",4.02,9.89,1.58,7.76
"1431",3.4,9.79,1.16,9.53
"1432",6.5,9.91,1.15,9.75
"1433",5.84,1.41,6.4,6.86
"1434",2.8,1.22,1.01,7.24
"1435",4.53,1.08,9.63,8.8
"1436",3.36,9.89,1.47,7.54
"1437",6.49,1.28,1.28,9.54
"1438",6.81,9.81,1.8,9.56
"1439",4.23,9.89,1.26,6.65
"1440",4.42,1.14,2.6,8.35
"1441",7.51,9.52,3.23,9.87
"1442",3.61,9.55,5.01,8.57
"1443",6.74,8.7,3.01,7.03
"1444",4.39,1.41,1.04,8.83
"1445",3.69,9.83,1.35,9.83
"1446",6.29,7.38,1.02,9.76
"1447",8.01,9.74,7.3,9.99
"1448",4.22,1.19,9.98,5.76
"1449",5.7,1.43,3.76,9.56
"1450",6.18,1,3.28,8.47
"1451",5.16,9.61,2.04,7.97
"1452",3.21,1.07,1.76,9.89
"1453",8.93,9.71,2.72,1
"1454",5.06,1.06,5.73,8.38
"1455",7.87,1.04,1.66,9.89
"1456",4.61,1.12,9.75,9.1
"1457",5.5,9.85,3.03,7.66
"1458",8.08,9.82,1.09,7.08
"1459",4.94,9.68,1.03,8
"1460",6.94,9.58,2.52,1.45
"1461",1.78,9.14,1.75,8.18
"1462",3.39,8.73,3.84,9.55
"1463",4.54,1.27,1.34,8.56
"1464",6.18,9.87,1.28,9.88
"1465",8.01,6.65,6.13,7.14
"1466",4.64,9.56,5.61,9.75
"1467",5.58,9.69,2.57,9.72
"1468",2.7,1.47,1.15,9.96
"1469",9.52,1.16,1.36,6.58
"1470",6.23,9.64,3.86,8.2
"1471",3.74,9.92,3.17,7.75
"1472",2.7,9.61,1.11,8.81
"1473",2.6,9.53,1.05,8.4
"1474",9.66,9.76,6.46,9.49
"1475",5.5,1.03,5.32,9.53
"1476",7.23,9.81,7.58,9.77
"1477",6,8.8,4.97,9.72
"1478",9.72,9.06,1.38,1.52
"1479",5.79,9.87,1.49,6.53
"1480",8.23,9.91,4.52,9.84
"1481",9.8,9.78,2.15,7.38
"1482",7.47,7.27,8.13,9.5
"1483",4.66,9.82,4.84,6.75
"1484",6.59,9.75,5.41,9.82
"1485",6.32,9.74,1.29,8.21
"1486",5.86,9.82,1.87,9.54
"1487",7.4,8.29,2.46,9.82
"1488",7.3,1.25,1.38,7.34
"1489",4.52,9.88,2.72,7.54
"1490",6.25,1.14,1.47,6.09
"1491",1.39,1.39,1.08,5.65
"1492",5.33,9.72,4.69,9.85
"1493",3.57,1.4,2.92,9.92
"1494",1.42,1.48,5.1,8.19
"1495",7.23,1.06,6.54,8.35
"1496",5.2,7.51,4.05,7.42
"1497",6.89,9.58,9.63,9.51
"1498",9.57,1.34,1.38,9.7
"1499",9.93,1.33,6.5,7.17
"1500",5.3,9.5,9.78,8.06
"1501",7.09,9.56,3.08,6.13
"1502",4.55,1.49,8.17,6.58
"1503",8.5,1.44,9.9,9.8
"1504",1.25,1.04,1.25,8.63
"1505",9.64,1.36,1.11,7.52
"1506",7.46,9.63,1.25,9.79
"1507",3.94,1.1,2.45,1.18
"1508",7.17,9.46,1.9,4.64
"1509",6.65,1.41,1.09,7.61
"1510",4.32,1.45,1.44,9.79
"1511",9.76,9.87,1.08,8.18
"1512",4.72,9.84,1.04,9.62
"1513",2.73,9.58,1.39,9.85
"1514",5.79,9.7,9.96,6.26
"1515",5.66,9.71,1.75,7.66
"1516",5.15,1.04,5.4,7.49
"1517",5.68,9.75,1.17,7.24
"1518",4.21,1.3,4.82,1.45
"1519",6.37,9.88,1.38,9.74
"1520",6.42,1.33,2.92,8.84
"1521",3.22,9.74,1.34,8.38
"1522",4.55,1.09,1.11,9.9
"1523",5.7,1.31,1.28,7.45
"1524",5.23,9.64,1.11,4.69
"1525",6.78,1.19,1.32,9.57
"1526",4.38,1.49,1.44,1.85
"1527",9.1,9.5,5.1,9.71
"1528",5.37,9.74,9.93,6.5
"1529",7.39,9.51,2.77,7.39
"1530",8.94,7.73,4.7,4.64
"1531",6.36,1.25,1.05,6.62
"1532",4.9,9.72,2.46,7.51
"1533",4.98,9.9,1.41,9.98
"1534",8.02,9.88,5.29,8.55
"1535",6.35,9.64,2.31,8.59
"1536",5.8,1.49,1.45,7.88
"1537",5.22,1.49,2.39,1.19
"1538",8.44,6.58,1.03,9.79
"1539",5.66,9.88,4.44,8.06
"1540",4.94,1.13,2.14,6.9
"1541",6.15,8.25,1.48,6.96
"1542",5.47,9.91,2.3,8.44
"1543",5.36,9.96,1.05,8.43
"1544",6.76,2.02,1.47,9.7
"1545",4.64,9.65,1.45,1.07
"1546",6.01,1.3,3.28,4.63
"1547",6.78,1,6.08,9.88
"1548",8.06,9.59,3.05,8.6
"1549",4.97,8.95,1.34,9.57
"1550",1.3,9.63,1.35,7.29
"1551",6.36,9.58,9.97,8.99
"1552",9.59,9.76,1.89,9.88
"1553",5.21,9.63,1.32,6.54
"1554",6.81,7.85,2.51,9.88
"1555",5.13,9.76,1.2,9.94
"1556",7.83,8.74,9.7,9.61
"1557",5.8,9.86,1.26,8.45
"1558",4.56,1.28,5.36,9.92
"1559",4.58,9.7,1.44,9.83
"1560",7.48,9.55,9.86,8.34
"1561",8.23,4.51,9.77,9.74
"1562",6.12,9.88,1.03,8.35
"1563",8.35,9.95,7.91,9.39
"1564",8.05,9.56,9.71,8.54
"1565",5.11,1.17,3.54,9.6
"1566",4.82,1.09,1.26,8.02
"1567",3.67,9.73,3.35,6.59
"1568",8,8.67,4.25,9.31
"1569",7.11,9.86,5.5,4.18
"1570",6.37,8.49,7.6,9.66
"1571",6.72,9.61,2.17,9.97
"1572",4.68,9.97,7.64,4.37
"1573",6.02,9.53,1.25,9.52
"1574",4.83,8.67,5.73,8.71
"1575",6.2,9.78,2.05,6.97
"1576",8.03,9.55,3.7,8.47
"1577",6.31,9.57,2.71,7.46
"1578",6.27,9.92,2.63,9.71
"1579",5.87,1.41,1.26,9.87
"1580",7.74,1.13,1.01,6.57
"1581",4.27,1.23,7.92,7.57
"1582",5.43,1.37,1.42,9.51
"1583",6.97,9.62,2.96,8.58
"1584",4.03,9.76,2.12,7.02
"1585",8.02,9.51,4.64,6.58
"1586",5.75,9.74,1.35,9.74
"1587",5.84,1.32,4.17,6.26
"1588",4.49,1.36,2.26,9.65
"1589",7.9,9.98,9.69,9.7
"1590",7.75,1.24,4.3,8.71
"1591",8.83,9.58,2.16,7.78
"1592",5.79,9.69,1.34,7.06
"1593",3.63,9.87,5.05,9.85
"1594",4.33,1.1,3.84,9.31
"1595",4.95,8.91,1.25,9.71
"1596",7.29,9.93,4.27,7.06
"1597",4.99,1.42,9.98,9.16
"1598",6.64,1.04,1.66,9.65
"1599",5.51,1.07,1.34,7.23
"1600",7.15,1.41,3.2,7.29
"1601",2.02,9.69,1.02,6.82
"1602",5.59,1.38,1.08,9.61
"1603",3.54,1.27,1.5,7.29
"1604",6.77,9.61,2.97,5.99
"1605",7.81,1.01,2.77,9.5
"1606",7.08,9.6,3.11,3.71
"1607",7.39,9.6,2.19,1.26
"1608",7.72,9.56,5.7,9.95
"1609",5.52,9.84,1.13,4.29
"1610",5.1,9.97,1.23,1.01
"1611",8.3,1.38,3.23,4.83
"1612",5.5,1.36,2.13,9.26
"1613",6.9,1.45,3.92,9.81
"1614",8.63,1.41,8.76,1.07
"1615",5.47,7.88,9.86,9.79
"1616",7.42,1.31,5.4,8.85
"1617",5.63,9.75,7.83,6.63
"1618",8.13,9.69,6.2,6.53
"1619",2.98,1.14,2.43,9.95
"1620",6.35,1.15,1.17,8.27
"1621",2.93,9.58,2.16,6.66
"1622",4.92,1.11,4.8,6.11
"1623",8.36,9.91,1.79,9.66
"1624",7.07,9.77,1.61,7.93
"1625",4.89,1.12,5.61,5.78
"1626",2.88,1.29,4.46,9.78
"1627",4.25,1.27,6.06,6.66
"1628",1.43,1.08,1.14,9.81
"1629",9.56,9.72,5.56,6.6
"1630",6.55,9.64,6.35,3.53
"1631",6.53,9.82,2.89,9.75
"1632",10,1.1,3.91,6.53
"1633",1.08,1.11,1.1,9.75
"1634",5.8,1.37,2.45,7.93
"1635",6.81,1.08,1.99,9.63
"1636",1.35,9.88,1.81,9.73
"1637",6.02,9.76,1.1,8.96
"1638",5.97,1.31,3.18,9.73
"1639",5.73,9.88,1.5,8.69
"1640",8.34,8.79,1.48,7.28
"1641",5.56,1.48,2.88,8.31
"1642",5.69,9.68,1.85,9.85
"1643",3.92,9.8,4.58,7.03
"1644",5.49,1.08,3.38,6.49
"1645",7.41,1.18,1.35,9.82
"1646",4.7,1.13,2.78,8.08
"1647",4.48,1.21,6.34,7.9
"1648",8.14,1.36,7.72,9.28
"1649",4.47,9.51,3.36,9.61
"1650",6.37,9.67,1.34,2.14
"1651",6.04,9.91,1.71,9.92
"1652",4.68,1.27,3.8,3.81
"1653",5.78,9.54,1.94,9.87
"1654",7.04,8.97,9.89,6.94
"1655",5.36,1.3,1.3,7.72
"1656",6.68,9.6,1.23,9.86
"1657",4.03,9.96,2.4,6.07
"1658",8.55,9.51,4.57,7.35
"1659",6.02,9.59,2,9.57
"1660",6.78,9.92,2.18,9.18
"1661",5.44,9.93,7.07,9.72
"1662",7.39,9.92,4.44,9.26
"1663",6.11,1.48,6.05,8.59
"1664",6.3,1.35,6.06,9.89
"1665",4.44,9.02,1.23,9.9
"1666",5.54,7.98,3.57,8.03
"1667",5.14,9.97,1.09,6.97
"1668",8.22,9.73,1.29,9.1
"1669",6.24,9.91,9.51,5.76
"1670",4.18,8.89,9.54,1.15
"1671",8.73,1.14,2.47,6.58
"1672",6.28,9.66,6.32,8.65
"1673",4.63,9.94,3.89,7.53
"1674",5.82,9.61,3.23,9.27
"1675",5.51,1.16,1.39,9.71
"1676",7.09,9.58,1.44,2.42
"1677",4.1,1.47,1.47,6.06
"1678",6.31,1.06,6.75,6.44
"1679",5.06,1.41,1.02,9.68
"1680",4.39,9.57,2.79,8.74
"1681",9.5,9.95,3.95,7.93
"1682",9.38,9.68,3.55,9.56
"1683",5.85,1.38,1.22,2.77
"1684",2.89,1.25,7.29,8.75
"1685",1.06,9.95,2.23,1.36
"1686",5.56,7.89,1.07,10
"1687",5.49,8.13,1.4,7.79
"1688",4.78,1.1,1.78,1.08
"1689",6.64,1,1.15,5.97
"1690",6.52,9.91,1.77,9.23
"1691",3.32,9.66,3.52,7.45
"1692",4.74,1.01,2.78,8.32
"1693",6.7,9.69,1.01,9.78
"1694",5.15,1.43,2.29,9.69
"1695",5.81,1.06,1.38,6.92
"1696",6.37,1.12,6.27,1.23
"1697",6.05,1.45,1,8.36
"1698",5.74,9.55,2.85,8.01
"1699",6.75,9.98,9.52,9.98
"1700",8.96,1.39,1.6,8.19
"1701",4.61,1.5,1.62,9.92
"1702",5.38,9.82,2.39,7.8
"1703",6.61,9.99,1.73,7.6
"1704",6.88,9.91,1.24,9.85
"1705",6.84,9.51,9.99,7.05
"1706",4.07,1.35,3.97,4.67
"1707",7.61,1.19,1.07,8
"1708",2.97,7.97,1.26,9.01
"1709",5.17,7.32,1.09,9.73
"1710",4.86,9.7,3.86,9.68
"1711",6.07,1.1,4.9,6.99
"1712",4.5,1.06,3.58,9.64
"1713",4.9,9.87,1.08,8.2
"1714",6.18,9.63,4.06,9.75
"1715",5.58,9.93,8.14,8.28
"1716",3.31,1.32,9.52,9.6
"1717",5.65,1.13,1.26,8.45
"1718",7.68,1.01,2.65,1.37
"1719",4.64,9.75,1.03,9.86
"1720",5.87,9.74,6.29,9.98
"1721",4.88,1.39,1.25,6.78
"1722",6.01,1.22,9.68,9.54
"1723",7.93,9.67,1.6,7.67
"1724",2.95,1.19,3.78,8.67
"1725",5.46,9.86,4.36,9.74
"1726",8.72,6.66,9.92,7.36
"1727",5.48,9.93,9.81,9.72
"1728",7.14,9.61,9.6,9.46
"1729",5.04,9.89,2.06,9.59
"1730",8.06,7.8,1.39,9.7
"1731",5.25,9.5,1.86,9.74
"1732",9.29,1.3,1.14,7.13
"1733",9.78,6.31,3.34,9.71
"1734",5.52,9.86,6.04,8.55
"1735",5.72,8.98,2.27,9.82
"1736",7.49,1.45,6.82,5.59
"1737",4.38,1.48,3.39,7.57
"1738",6.57,9.79,1.24,8.03
"1739",7.29,1.41,3.42,7.42
"1740",9.69,9.51,1.16,9.97
"1741",4.94,9.87,9.65,9.68
"1742",6.07,9.56,7,9.38
"1743",3.58,1.03,1.38,9.97
"1744",9.63,1.21,1.05,9.96
"1745",6.05,9.2,5.81,8.3
"1746",4.79,9.57,6.55,9.75
"1747",4.89,1.06,1.29,5.12
"1748",9.25,1.46,1.34,9.71
"1749",6.31,9.9,4.36,9.94
"1750",6.43,7.25,1.12,9.78
"1751",6.66,9.65,5.28,7.5
"1752",5.68,8.94,4.97,9.21
"1753",7.89,9.54,1.56,9.03
"1754",6.28,9.67,1.03,7.76
"1755",9.94,9.79,1.15,6.5
"1756",9.59,9.94,2.4,9.8
"1757",4.68,9.87,4.48,9.87
"1758",9.67,1.16,4.6,7.03
"1759",7.31,9.62,2.64,1.16
"1760",4.93,1.35,1.39,1.14
"1761",3.52,9.95,2.99,9.75
"1762",5.11,1.18,2.54,9.59
"1763",9.68,1.47,3.36,5.65
"1764",4.18,1.37,6.93,9.76
"1765",5.7,9.48,4.44,8.27
"1766",4.53,9.72,1.34,8.65
"1767",5.06,9.53,1.32,8.44
"1768",7.85,9.63,4.38,3.82
"1769",7.73,9.77,2.35,8.98
"1770",4.63,8.12,3.25,8.23
"1771",6.43,9.81,3.4,7.69
"1772",8.03,1.42,1.37,9.51
"1773",5.39,9.91,2.56,9.87
"1774",7.45,9.57,4,9.77
"1775",9.72,1.38,6.91,8.35
"1776",4.33,1.08,6.7,8.27
"1777",7.83,1.33,2.61,8.05
"1778",8.29,9.98,1.44,5.7
"1779",5.67,9.93,2.89,8.07
"1780",5.75,1.39,4.77,1.14
"1781",6.17,9.91,4.48,7.4
"1782",6.65,1.42,2.34,9.63
"1783",6.49,1,1.1,8.97
"1784",5.69,1.34,7.87,6.63
"1785",5.09,9.78,1.72,7.67
"1786",5.45,1.32,1.32,6.83
"1787",9.81,6.63,9.6,9.92
"1788",3.24,9.88,2.59,8
"1789",9.97,1.28,2.71,9.52
"1790",7.43,9.89,3.46,9.86
"1791",2.98,8.79,5.09,9.21
"1792",1.56,9.11,1.84,1.5
"1793",4.91,9.68,9.9,9.18
"1794",6.51,1.45,1.39,8.33
"1795",7.25,9.52,2.92,5.93
"1796",5.65,1.35,1.09,9.56
"1797",5.94,9.69,2.74,9.71
"1798",5.98,1.33,1.18,7.09
"1799",6.03,9.99,9.54,5.89
"1800",3.32,9.59,1.8,6.74
"1801",7.39,1.38,5.44,9.24
"1802",6.46,1.09,3.03,5.77
"1803",4.86,9.87,3.37,9.58
"1804",6.95,10,1.45,7.05
"1805",6.78,9.51,2.57,8
"1806",6.23,8.76,3.88,9.58
"1807",5.39,1.47,5.09,9.83
"1808",2.06,9.54,4.32,8.38
"1809",4.55,9.98,2.07,7.77
"1810",8.93,9.55,1.16,6.51
"1811",4.65,1.16,1.38,6.51
"1812",6.08,1.17,5.1,9.58
"1813",3.5,9.78,5.7,7.44
"1814",8.98,8.37,1.7,9.02
"1815",6.51,9.85,6.47,6.87
"1816",6.6,9.52,4.68,8.3
"1817",6.32,7.74,1.23,9.79
"1818",1.09,9.59,7.14,9.54
"1819",6.15,9.99,1.08,9.99
"1820",5.79,9.81,1.43,5.44
"1821",7.52,9.92,1.65,7.82
"1822",8.67,9.04,1.02,9.69
"1823",6.88,9.96,3.66,6.23
"1824",9.92,9.53,1.03,8.19
"1825",8.25,9.83,3.49,4.82
"1826",4.92,1.23,7.25,9.7
"1827",2.43,1.07,4.82,9.78
"1828",5.09,1.05,4.02,9.29
"1829",7,9.57,9.57,8.43
"1830",5.4,9.75,1.23,1.69
"1831",4.56,9.63,1.24,6.87
"1832",4.32,9.6,2.45,8.18
"1833",8.23,7.67,1.11,7.29
"1834",8.1,1.16,2.35,8.65
"1835",4.54,9.51,2.64,7.88
"1836",4.78,1.28,2.01,9.72
"1837",6.47,9.91,4.11,1.44
"1838",2.46,9.95,1.57,8.44
"1839",7.11,9.58,7.46,1.23
"1840",8.87,1.3,4.06,8.04
"1841",1,8.68,1.29,5.8
"1842",5.28,9.94,5.93,7.96
"1843",9.59,9.54,2.01,7.64
"1844",6.37,6.75,6.33,6.72
"1845",8.27,9.9,1.04,4.52
"1846",5.78,9.84,5.54,9.65
"1847",8.65,9.69,1,9.69
"1848",3.57,7.74,2.88,7.7
"1849",5.25,1.2,3.91,8.24
"1850",6.51,9.61,2.76,8.93
"1851",6.38,1.08,1.17,8.22
"1852",5.6,1.43,9.83,7.15
"1853",4.47,1.18,3.02,9.54
"1854",4.42,9.93,1.8,9.62
"1855",6.43,9.63,9.56,8.26
"1856",5.25,1.25,3.96,4.03
"1857",6.46,9.62,1.12,10
"1858",5.07,9.96,7.24,9.97
"1859",5.21,1.13,9.96,9.8
"1860",6.81,9.59,7.13,1.27
"1861",5.11,9.68,2.82,8.23
"1862",6.23,1.18,2.32,9.12
"1863",2.9,9.84,5.76,7.65
"1864",4.92,1.3,1.42,7.99
"1865",3.06,9.51,1.18,9.76
"1866",5.54,9.54,1.87,8.43
"1867",5.63,1.14,1.33,9.63
"1868",8.47,8.91,2.56,9.13
"1869",6.2,1.94,3.16,9.95
"1870",7.08,7.51,1.02,9.97
"1871",6.45,9.53,1.09,9.77
"1872",1.14,1.45,2.62,7.59
"1873",6.95,7.34,9.61,7.39
"1874",2.8,1.15,3.98,7.91
"1875",4.96,1.33,1.43,9.59
"1876",3.7,5.04,1.41,9.2
"1877",5.09,6.57,1.5,8.36
"1878",4.94,1.48,4.2,6.03
"1879",7.09,1.32,2.43,7.66
"1880",6.4,9.72,5.37,6.31
"1881",6.86,6.5,2.4,8.91
"1882",6.42,1.36,1.3,9.98
"1883",5.02,1.36,2.18,9.73
"1884",6.95,9.68,1.19,7.18
"1885",4.3,8.65,1.04,9.75
"1886",2.54,9.94,6.36,7.03
"1887",5.45,1.17,9.75,8.73
"1888",6.03,9.88,3.5,9.53
"1889",4.69,9.93,2.59,9.6
"1890",6.02,8.75,5.07,8.93
"1891",6.16,8.88,1.15,6.63
"1892",8.2,6.71,3.49,9.84
"1893",5.24,9.98,1.18,7.23
"1894",2.79,8.68,2.83,7.3
"1895",4.37,9.5,9.98,9.7
"1896",6.03,9.62,1.42,8.87
"1897",4.28,9.82,1.22,9.51
"1898",6.89,9.92,3.39,7.2
"1899",6.36,9.11,2.3,9.9
"1900",3.67,9.65,4.8,8.18
"1901",7.6,9.8,2.2,9.75
"1902",4.81,1.25,4.11,9.17
"1903",9.76,1.34,5.92,9.52
"1904",6.34,1.12,4.61,7.56
"1905",9.54,9.63,9.62,9.64
"1906",5.08,9.99,2.83,9.12
"1907",7.75,8.87,3.61,1.42
"1908",4.99,9.6,3.68,9.68
"1909",4.81,9.86,5.09,6.03
"1910",4.47,1.5,9.64,8.16
"1911",6.87,9.51,6.05,1.2
"1912",6.75,9.73,1.29,6.71
"1913",8.46,1.49,4.06,8.05
"1914",7.55,1.58,2.89,2.27
"1915",4.67,1.37,1.3,9.59
"1916",5.04,1.45,3.44,7.27
"1917",6.48,8.53,1.79,8.33
"1918",8.24,9.93,4.91,9.04
"1919",6.15,9.94,6.38,4.17
"1920",9.7,9.51,9.01,7.23
"1921",6.39,1.41,1.31,7.33
"1922",7.78,9.54,5.17,8.01
"1923",3.94,1.06,5.12,9.74
"1924",7.38,1.34,6.54,8.34
"1925",1.48,9.87,4.33,1.28
"1926",4.65,1.44,2.89,9.53
"1927",1.14,9.88,6.43,8.99
"1928",5.69,1.01,1.46,5.64
"1929",4.18,9.9,6.09,6.72
"1930",7.38,9.58,1.15,9.95
"1931",6.32,1.3,4,7.58
"1932",4.95,9.82,1.06,9.57
"1933",2.67,1.13,3.3,7.85
"1934",6.15,1.48,1.19,6.15
"1935",5.03,1.25,9.98,8
"1936",4.86,9.98,1.42,9.62
"1937",7.66,1.24,3.23,7
"1938",4.45,9.83,4.81,1.18
"1939",1.62,9.33,1.63,9.63
"1940",4.75,9.63,1.71,8.25
"1941",2,1.45,1.57,9.8
"1942",8.82,1.09,3.6,5.19
"1943",6.29,9.96,1.32,9.52
"1944",6.09,1.3,3.78,5.65
"1945",4.31,1.44,1.29,6.59
"1946",8.34,9.87,9.95,6.93
"1947",3.67,9.52,5.76,8.68
"1948",3.41,1.45,1.52,9.74
"1949",4.23,1.5,6.98,8.42
"1950",4.39,9.65,9.96,9.07
"1951",5.25,4.11,3.09,9.58
"1952",7.06,1.44,3.25,9.98
"1953",7.95,9.84,7.42,8.58
"1954",7.31,1.26,1.77,10
"1955",7.44,1.01,4.68,8.68
"1956",5.9,1.36,4.97,6.75
"1957",5.11,1.41,6.43,7.54
"1958",5.82,9.75,1.06,1.42
"1959",5.21,1.02,7.13,8.44
"1960",5.43,1.01,2.24,5.39
"1961",8.06,9.75,2.41,6.24
"1962",5.86,1.07,9.67,6.78
"1963",4.13,9.69,1.37,9.61
"1964",6.3,9.26,1.36,7.75
"1965",9.43,9.52,1.44,8.17
"1966",7.28,9.76,5.11,7.49
"1967",6.15,9.57,3.21,7.58
"1968",5.6,9.33,5.74,9.59
"1969",4.81,9.64,6.35,7.01
"1970",6.55,1.04,2.66,2
"1971",3.62,9.97,1.52,8.78
"1972",6.01,6.63,4.47,7.37
"1973",3.35,2.18,3.09,9.94
"1974",5.83,1.29,7.76,7.95
"1975",3.16,1.49,1.73,7.97
"1976",2.28,9.81,2.99,8.59
"1977",5.43,9.62,1.08,9.63
"1978",6.24,9.82,3.06,9.52
"1979",9.88,5.07,9.72,9.98
"1980",6.7,1.23,5.45,7.41
"1981",9.18,1.49,4.13,6.36
"1982",9.75,1.44,4.25,7.56
"1983",3.58,1.06,6.97,9.95
"1984",3.9,9.72,1.64,9.56
"1985",5.79,1.46,2.8,9.68
"1986",4.63,1.25,7.32,8.27
"1987",4.67,9.82,1.29,7.95
"1988",8.74,9.92,1.23,9.7
"1989",5.86,9.93,1.27,8.88
"1990",2.17,9.61,1.28,8.76
"1991",6.85,1.47,3.41,9.96
"1992",7.03,9.51,2.32,9.68
"1993",5.85,9.69,5.99,9.62
"1994",6.72,1.44,1.91,7.75
"1995",4.19,9.85,1.31,8.05
"1996",7.13,1.47,4.04,8.43
"1997",9.58,1.42,1.22,7.12
"1998",2.81,9.57,1.1,6.82
"1999",5.62,9.98,5.35,8.45
"2000",7.29,9.76,3.29,1.19
"2001",6.28,9.74,2.72,7.11
"2002",3.59,9.75,1.6,9.72
"2003",6.52,9.71,1.2,9.17
"2004",5.71,1.14,1.21,9.81
"2005",4.13,9.94,1.94,7.03
"2006",9.89,9.52,1.44,9.66
"2007",6.26,9.59,1.2,9.24
"2008",6.15,1,3.83,1.75
"2009",4.6,9.8,2.31,8.2
"2010",4.14,9.75,9.91,9.2
"2011",6.06,8.62,1.51,9.75
"2012",4.1,2.11,6.8,7.08
"2013",5.75,9.71,1.31,9.66
"2014",4.87,1.49,1.45,5.4
"2015",9.28,9.54,4.61,9.09
"2016",5.92,9.7,5.22,1.94
"2017",6.92,9.74,1.11,8.89
"2018",5.46,1.31,1.16,1.03
"2019",7.33,1,1.34,8
"2020",6.09,9.53,1.11,6.37
"2021",5.74,9.21,2.02,1.12
"2022",9.78,9.84,6.05,9.82
"2023",9.13,10,1.18,7.59
"2024",7.52,8.82,1.42,1.48
"2025",3.43,1.17,3,9.41
"2026",2.43,2.97,3.33,5.59
"2027",4.46,9.63,5.74,5.7
"2028",6.11,9.57,1.93,3.64
"2029",4.65,1.31,3.33,6.86
"2030",3.57,9.65,4.07,8.46
"2031",4.89,9.62,4.31,7.67
"2032",6.4,1.45,2.75,9.99
"2033",6.09,9.57,3,9.03
"2034",5.44,9.6,2.76,9.65
"2035",4.14,9.85,1.38,8.18
"2036",6.92,1.17,4.47,7.67
"2037",5.68,4.81,1.46,8.8
"2038",9.9,9.63,5.41,8.13
"2039",6.43,9.98,4.47,7.97
"2040",7.07,1.33,2.26,6.28
"2041",2.72,9.04,1.22,4.7
"2042",5.44,9.73,1.84,1.53
"2043",3.26,9.73,9.64,8.47
"2044",6.59,9.52,1.14,1.42
"2045",2.57,9.82,1.29,9.88
"2046",4.95,9.57,1.7,7.16
"2047",4.9,9.57,1.11,5.55
"2048",5.97,9.24,1.94,3.95
"2049",7.01,9.66,3.45,9.79
"2050",6.77,1.15,1.85,6.27
"2051",5.14,1.25,1.27,9.16
"2052",6.89,1.45,2.39,8.37
"2053",8.01,9.55,1.21,5.29
"2054",7.18,9.66,1.78,7.25
"2055",3.78,9.98,1.38,9.85
"2056",7.42,1.47,1.13,5.81
"2057",4.52,9.58,1.32,7.76
"2058",4.27,9.94,5.03,8.91
"2059",3.32,9.65,1.28,1.41
"2060",2.97,8.23,9.54,9.7
"2061",3.09,9.76,8.35,9.31
"2062",8.55,1.36,1.27,8.94
"2063",3.79,9.86,1.02,3.1
"2064",3.83,1.43,1.91,8.05
"2065",5.82,9.55,1.42,9.66
"2066",3.94,1.38,1.7,8.09
"2067",7.19,1.38,7.1,8.48
"2068",6.09,6.61,5.33,7.81
"2069",4.25,1.37,1.39,7.39
"2070",5.04,7.22,1.13,9.7
"2071",5.54,1.11,2.36,8.91
"2072",3.46,9.58,3.23,7.14
"2073",5.71,9.58,6.26,5.98
"2074",4.19,6.51,5.84,6.71
"2075",4.13,1.15,1.38,9.64
"2076",2.34,9.81,5.3,5.65
"2077",3.83,1.49,1.35,7.72
"2078",5.28,9.51,9.51,7.32
"2079",6.46,9.9,3.96,8.44
"2080",8.5,9.75,2.58,9.1
"2081",4.67,9.71,9.57,8.24
"2082",5.73,8.35,1.44,9.56
"2083",6.66,9.82,3.02,9.68
"2084",7.52,1.39,3.09,7.14
"2085",9.66,9.98,3.48,6.96
"2086",7.11,1.32,2.69,8.86
"2087",6.86,1.31,5.79,8.43
"2088",4.83,9.68,5.04,9.22
"2089",5.45,1.49,1.31,9.89
"2090",2.24,9.81,1.16,9.84
"2091",5.78,9.89,1.68,9.55
"2092",4.85,1.49,3.91,9.67
"2093",4.51,9.54,3.03,9.92
"2094",6.04,9.78,2.08,9.5
"2095",2.98,1.11,2.8,9.39
"2096",9.64,9.58,6.29,9.4
"2097",4.53,1.04,1.46,7.4
"2098",3.71,9.59,1.87,9.23
"2099",3.68,9.67,1.04,2.62
"2100",6.89,1.17,5.04,9.93
"2101",6.7,1.29,3.31,5.48
"2102",5.51,9.82,2.31,1.73
"2103",7.02,9.51,1.16,5.77
"2104",9.74,9.98,1.66,8.3
"2105",6.86,9.82,9.64,5.71
"2106",6.51,9.71,9.55,9.69
"2107",5.15,9.72,4.69,5.2
"2108",3.33,9.88,1.38,8.79
"2109",4.9,9.88,2.74,8.39
"2110",6.8,1.17,2.96,9.35
"2111",3.96,1.03,4.29,9.36
"2112",6.92,9.84,1.34,7.52
"2113",4.06,1.44,9.74,9.77
"2114",4.04,1.24,1.23,9.68
"2115",6.28,9.85,1.4,9.01
"2116",5.78,1.11,2.74,8.18
"2117",4.5,9.91,3.35,8.63
"2118",6.12,9.62,2.54,9.7
"2119",5.48,9.76,1.21,7.06
"2120",8.22,1.28,3.63,9.57
"2121",6.49,8.86,2.73,7.97
"2122",4.39,9.6,9.98,9.79
"2123",4.78,9.34,3.95,1.54
"2124",9.94,9.72,2.05,9.55
"2125",3.88,9.54,1.02,7.79
"2126",7.01,9.55,9.78,9.79
"2127",7.5,1.2,1,8.56
"2128",7.94,1.39,5.05,9.92
"2129",6.55,9.84,1.03,9.42
"2130",5.18,1.33,9.92,1.05
"2131",5.83,9.73,2.22,7.96
"2132",8.43,1.08,3.39,6.91
"2133",7.07,9.97,5.6,9.7
"2134",4.93,9.53,5.46,9.21
"2135",6.05,7.66,1.29,8.13
"2136",6.18,9.84,4.42,4.53
"2137",5.6,9.89,2.01,9.98
"2138",9.66,9.61,1.08,8.72
"2139",6.16,1.33,6.87,8.99
"2140",3.56,6.46,9.8,9.78
"2141",5.94,9.63,9.9,7.72
"2142",3.38,1.14,4.08,8.18
"2143",6.16,9.62,5.01,9.51
"2144",7.58,1.13,1.15,5.68
"2145",3.67,8.18,9.55,9.94
"2146",4.38,1.4,1.88,8.58
"2147",4.88,9.74,1.22,9.63
"2148",4.51,9.8,1.17,1.47
"2149",5.84,9.69,1.43,9.94
"2150",5.7,1.1,1.41,6.47
"2151",4.99,1.05,9.87,6.11
"2152",4.6,1.32,2.96,9.67
"2153",4.88,1.39,1.07,8.54
"2154",5.43,8.94,3.76,7.02
"2155",9.83,9.6,1.11,8.6
"2156",5.55,1.21,2.93,8.16
"2157",1.96,9.8,5.73,7.02
"2158",6.36,1.02,1.14,8.13
"2159",5.84,1.33,9.71,9.13
"2160",4.81,9.51,1.38,9.59
"2161",8.4,9.76,1.06,8.54
"2162",4.96,9.6,2.5,8.86
"2163",6.38,1.33,1.31,9.73
"2164",3.27,9.56,6.18,1.48
"2165",6.1,9.94,1.15,9.9
"2166",4.48,9.83,4.5,9.93
"2167",9.68,1.41,1.48,1.04
"2168",6.04,1.45,6.86,9.9
"2169",7.49,8.71,1.2,9
"2170",5.72,9.76,4.45,7.16
"2171",3.29,1.43,9.48,9.71
"2172",5.3,7.12,1.22,9.8
"2173",5.42,9.83,7.27,6.71
"2174",6.01,9.85,1.3,9.34
"2175",9.55,1.09,9.36,7.63
"2176",2.11,1.2,1.17,9.85
"2177",6.95,9.94,1.05,9.54
"2178",8.45,9.62,1.4,7.6
"2179",6,1.25,2.02,8.9
"2180",4.73,9.69,1.15,9.81
"2181",4.6,1.37,1.5,1.14
"2182",7.77,8.59,1.04,7.62
"2183",6.28,1.41,3.17,9.38
"2184",8.11,1.39,9.59,8.15
"2185",1.04,9.97,3.08,9.99
"2186",3.65,9.56,3.47,6.75
"2187",5.1,1.37,2.25,8.42
"2188",1.23,1.11,9.77,9.71
"2189",6.31,9.87,1.73,8.37
"2190",8.34,9.93,2.16,9.79
"2191",7.72,1.35,2.03,7.32
"2192",3.07,9.68,1.42,8.44
"2193",4.77,9.94,1.4,9.39
"2194",5.52,1.18,3.68,8.48
"2195",6.97,9.64,1.13,8.17
"2196",5.45,1.34,3.64,7.04
"2197",2.66,1.37,4.09,9.78
"2198",4.58,9.85,2.06,9.58
"2199",5.59,9.6,7.69,9.74
"2200",8.46,1.02,1.51,9.93
"2201",5.45,8.98,1.98,9.86
"2202",6.69,8.9,2.84,9.33
"2203",7.11,9.99,9.39,7.93
"2204",3.64,1,8.05,7.69
"2205",4.98,1.21,1.27,9.72
"2206",9.22,1.13,1.16,9.53
"2207",1.09,9.96,2.03,7.82
"2208",9.67,9.91,9.81,9.64
"2209",5.93,9.74,1.32,7.86
"2210",1.5,9.83,9.94,6.53
"2211",5.33,9.56,1.42,9.22
"2212",5.56,9.97,4.78,3.1
"2213",6.5,9.91,4.18,7.45
"2214",6.61,1.41,1.17,8.02
"2215",1.3,9.76,1.44,8.36
"2216",9.74,1.18,3.18,6.83
"2217",8.03,9.86,4.79,7.74
"2218",1.54,1.03,2.1,9.6
"2219",6.77,1.19,1.16,6.73
"2220",2.46,1.37,2.04,9.96
"2221",4.45,9.66,4.93,8.3
"2222",5.86,8.99,3.49,9.61
"2223",6.85,9.03,2.42,6.71
"2224",5.9,1.25,9.57,9.91
"2225",8.88,1.05,1.24,7.55
"2226",7.09,1.15,1.14,6.76
"2227",5.93,1.49,5.39,5.53
"2228",4.88,9.95,1.37,9.24
"2229",1.42,2.17,7.35,5.24
"2230",5.75,9.82,9.51,8.23
"2231",4.71,9.81,1.39,8.24
"2232",6.29,1.95,2.54,9.94
"2233",5.05,8.7,1.17,8.8
"2234",7.74,9.56,2.03,9.32
"2235",4.7,1.28,5.05,9.94
"2236",5.15,1.79,9.92,9.61
"2237",9.82,9.93,1.39,8.94
"2238",5.48,9.9,6.05,1.31
"2239",1.26,8.37,9.88,6.59
"2240",6.64,9.51,1.16,9.09
"2241",5.32,1.28,7.07,9.02
"2242",3.54,9.81,9.69,8.81
"2243",4.96,1.13,3.33,9.79
"2244",5.47,9.88,5.01,8.6
"2245",6.34,9.8,4.41,7.28
"2246",3.55,9.78,1.13,7.85
"2247",4.81,1.47,4.49,7.99
"2248",6.23,1.3,1.19,8.33
"2249",4.77,9.98,2.49,8.05
"2250",9.62,9.55,1.17,8.16
"2251",5.29,9.65,1.04,8.1
"2252",9.36,1.41,9.97,7.92
"2253",4.06,9.97,1.45,8.46
"2254",5.65,9.99,2.29,9.49
"2255",4.05,1.27,6.98,9.82
"2256",5.72,9.63,9.28,8.48
"2257",6.8,1.5,8.46,7.7
"2258",9.89,1.27,3.14,9.14
"2259",6.03,9.98,2.1,5.85
"2260",5.55,7.04,9.87,1.28
"2261",4.58,9.96,1.25,9.8
"2262",6.24,9.67,1.26,7.84
"2263",5.13,1.85,1.63,9.08
"2264",5.69,1.48,1.44,7.86
"2265",6.04,1.24,3.1,9.56
"2266",4.07,9.31,1.36,6.27
"2267",5.16,9.9,5.12,9.29
"2268",4.91,9.56,1.13,8.7
"2269",6.26,9.68,1.3,9.03
"2270",7.32,1.24,9.81,8.46
"2271",3.28,9.55,3.56,8.11
"2272",6.18,9.8,1.06,9.49
"2273",5.79,8.61,1.05,9.54
"2274",2.55,9.85,5.02,9.58
"2275",5.86,9.85,2.86,3.22
"2276",7.31,8.12,1.27,6.78
"2277",2.12,1.01,3.16,7.53
"2278",6.94,1.15,1.28,4.64
"2279",6.96,9.81,1.34,7.21
"2280",7.28,9.98,8.51,9.52
"2281",1.99,9.71,7.95,6.57
"2282",2.15,1.17,1.63,9.7
"2283",5.12,1.15,7.5,8.37
"2284",3.68,9.96,1.09,9.87
"2285",3.32,8.66,1.43,9.92
"2286",4.64,9.63,1.11,8.09
"2287",8.07,9.69,3.85,9.91
"2288",3.74,1.1,1.19,9.65
"2289",7.49,8.03,4.72,6.4
"2290",7.36,9.89,4.21,9.53
"2291",7.75,3.63,9.98,6.61
"2292",4.65,1.26,3.51,7.38
"2293",4.78,9.75,2.92,9.61
"2294",9.61,8.55,3.11,9.77
"2295",5.68,1.02,2.23,9.56
"2296",4.26,9.59,1.47,4.79
"2297",9.16,9.73,2.92,1.45
"2298",5.64,1.39,3.22,6.73
"2299",6.66,9.58,1.95,9.51
"2300",5.72,1.25,7.69,1.03
"2301",6.5,8.13,1.81,8.28
"2302",5.11,9.9,1.12,8.78
"2303",4.36,9.88,1.33,9.66
"2304",6.37,1.24,1.57,9.84
"2305",5.54,9.73,5.1,6.01
"2306",1.42,1.33,9.7,2.37
"2307",6.22,8.6,2.54,6.49
"2308",6.5,8.44,1.46,6.55
"2309",5.31,1.22,2.59,9.74
"2310",9.83,9.52,5.08,5.51
"2311",7.32,1.25,5.19,6.15
"2312",4.53,1.17,1.42,9.87
"2313",4.3,9.75,1.19,9.2
"2314",4.67,9.51,3.68,8.74
"2315",8.32,1.32,1.29,7.84
"2316",4.28,9.61,5.64,5.67
"2317",1.73,1.13,9.78,7.44
"2318",5.94,9.6,1.83,9.52
"2319",6.08,9.61,1.03,7.55
"2320",5.46,9.9,9.75,9.41
"2321",4.97,1.35,1.19,6.15
"2322",4.95,1.26,5.13,9.69
"2323",3.22,9.51,3.07,9.98
"2324",5.43,1.4,4.75,8
"2325",6.34,9.9,4.05,9.27
"2326",4.71,2.81,1.1,5.33
"2327",2.71,9.84,5.69,8.11
"2328",6.29,1.19,1.66,8.73
"2329",5.81,1.21,1.47,7.44
"2330",5.76,1.41,1.17,8.89
"2331",7.29,8.93,1.41,9.86
"2332",4.89,1.34,4.41,8.72
"2333",7.61,9.68,9.79,6.69
"2334",5.5,1.47,1.19,8.4
"2335",5.82,9.51,1.1,9.58
"2336",9.08,9.83,4.07,7.65
"2337",6.9,9.86,1.24,8.49
"2338",4.28,1.4,1.43,9.95
"2339",3.71,7.57,2.56,9.55
"2340",7.51,1.24,3.05,8.83
"2341",6.63,9,5.31,9.77
"2342",1.57,9.69,5.75,9.67
"2343",5.58,1.21,2.04,4.18
"2344",4.7,9.64,3.36,8.96
"2345",5.25,1.44,1.85,7.95
"2346",9.63,9.51,4.38,9.97
"2347",9.63,9.63,1.04,7.3
"2348",3.53,9.67,1.16,7.39
"2349",6.66,1.08,3.78,5.76
"2350",5.45,1.11,6.87,6.61
"2351",6.38,9.84,9.81,9.11
"2352",6.38,9.95,1.42,5.41
"2353",4.33,8.47,1.29,7.69
"2354",6.41,9.81,1.17,9.7
"2355",3.21,9.59,5.52,9.65
"2356",4.95,9.48,9.91,9.55
"2357",5.26,9.8,1.48,9.67
"2358",4.45,1.25,1.19,5.56
"2359",5.22,1.26,4.76,1.32
"2360",7.97,9.61,9.98,9.76
"2361",7.21,9.98,9.54,8.79
"2362",7.09,9.92,1.44,8.63
"2363",6.93,1.18,2.95,7.96
"2364",9.72,9.64,1.52,9.44
"2365",5.57,9.74,1.69,9.95
"2366",9.52,9.62,1.39,8.66
"2367",4.89,9.43,2.13,9.26
"2368",3.03,1.43,1.44,7.11
"2369",3.64,1.11,4.22,6.83
"2370",8.97,1.23,9.89,6.91
"2371",9.95,1.11,3.13,8.05
"2372",5.46,1.11,3.9,9.65
"2373",6,9.62,1.71,9.28
"2374",4.77,1.19,2.84,7.98
"2375",5.04,1.47,3.89,9.25
"2376",8.28,9.62,4.38,9.58
"2377",4.5,1.44,6.75,7.22
"2378",4.71,1.37,1.99,8.78
"2379",7.8,9.67,2.92,9.82
"2380",4.77,1.36,6.01,1.25
"2381",7.5,9.43,1.22,7.69
"2382",6.81,1.41,1.38,7.75
"2383",2.87,2.36,9.7,7.87
"2384",6.47,9.58,4.04,9.7
"2385",4,9.89,1.32,7.67
"2386",2.8,9.82,1.4,9.93
"2387",6.7,1.18,4.37,9.27
"2388",5.81,9.93,3.53,9.79
"2389",2.98,9.61,2.88,9.23
"2390",5.7,9.93,1.6,9.68
"2391",5.36,1.03,2.83,1.16
"2392",5.51,9.6,5.84,8.77
"2393",6.34,1.13,4.44,5.16
"2394",4.98,1.35,1.22,9.91
"2395",7.06,1.18,3.06,7.56
"2396",7.14,1.07,9.89,7.78
"2397",3.58,1.49,6.01,8.03
"2398",3.49,9.88,6.93,7.35
"2399",6.48,1.22,1.24,6.97
"2400",5.19,9.78,6.94,9.51
"2401",7.26,9.73,1.3,9.51
"2402",1.65,9.64,2.21,9.82
"2403",3.53,1.08,2.39,9.58
"2404",4.5,9.53,4.33,7.53
"2405",7.79,1.32,4.47,8.11
"2406",6.01,1.48,1.27,9.84
"2407",9.91,8.04,1.3,9.89
"2408",6.79,1.42,1.04,6.78
"2409",7.99,9.93,5.64,9.92
"2410",7.07,1.34,1.13,9.08
"2411",4.23,1.42,1.43,8.04
"2412",7.14,9.8,5.89,9.97
"2413",7.49,1.11,2.71,9.97
"2414",6.22,9.87,1.01,9.88
"2415",6.01,8.98,1.17,7.97
"2416",4.23,9.93,1.5,7.19
"2417",7.58,9.95,4.64,9.13
"2418",5.97,1.06,1.2,6.95
"2419",3.02,6.19,1.1,7.81
"2420",5.46,9.89,4.64,1.16
"2421",6.25,1.13,4.04,9.26
"2422",8.21,9.73,7.12,7.92
"2423",7.35,9.86,1.28,9.65
"2424",8.12,9.98,7.75,5.6
"2425",6.17,1.03,4.25,9.6
"2426",7.43,1.02,9.91,5.91
"2427",5.71,1.45,1.27,9.49
"2428",6.27,1.43,2.1,8.87
"2429",5.74,1.44,4.18,7.79
"2430",1.49,2.79,2.37,4.21
"2431",1.27,9.92,2.35,6.97
"2432",4.69,1.48,4.35,6.5
"2433",3.58,9.69,2.69,8.33
"2434",3.25,1.13,1.31,9.68
"2435",6.48,1.33,5.88,7.57
"2436",5.91,8.3,9.74,7.59
"2437",4.04,1.19,1.09,9.25
"2438",2.91,9.91,5.29,9.95
"2439",7.05,9.83,1.19,9.97
"2440",7.22,1.22,2.69,7.92
"2441",6.25,9.67,1.03,8.44
"2442",4.45,8.97,4.46,9.58
"2443",5,9.53,9.63,9.95
"2444",9.61,9.52,1.26,1.39
"2445",5.02,9.71,1.22,8.68
"2446",6.87,9.32,9.89,8.85
"2447",7.22,9.94,9.65,8.62
"2448",6.74,1.14,1.55,9.62
"2449",2.78,1.47,3.14,9.62
"2450",7.13,9.89,1.23,8
"2451",7.57,10,3.41,9.85
"2452",9.86,9.8,1.29,6.86
"2453",7.52,9.91,9.74,7.69
"2454",5.28,9.56,5.35,7.26
"2455",9.58,1.1,4.63,9.73
"2456",9.92,9.93,1.72,8.81
"2457",5.58,1.02,9.72,7.42
"2458",9.52,9.02,2.85,2.9
"2459",8.06,1.06,2.99,7.76
"2460",8.22,1.3,6.8,7.63
"2461",4.83,1.06,1.05,9.98
"2462",4.79,1.22,1.13,6.82
"2463",9.53,6.45,1.24,8.1
"2464",3.14,1.25,4.32,9.9
"2465",2.56,1.19,3.39,9.62
"2466",6.48,9.56,5.57,9.6
"2467",5.78,1.47,2.03,1.26
"2468",6.32,9.9,1.18,7.1
"2469",4.78,9.88,1.67,8.11
"2470",4.15,9.92,2.11,9.88
"2471",4.87,9.86,2.67,9.7
"2472",6.05,1.26,3.16,9.91
"2473",5.67,1.15,2.64,8.45
"2474",5.4,9.89,3.4,9.86
"2475",4.77,9.62,2.25,6.9
"2476",6.35,1.15,1.02,9.81
"2477",2.69,9.97,2.56,8
"2478",6.23,1.45,8.4,9.61
"2479",4.79,9.61,1.15,9.58
"2480",5.73,1.46,1.13,7.68
"2481",4.81,9.88,3.79,8.13
"2482",7.93,9.78,1.88,1.29
"2483",5.34,1.12,2.66,9.9
"2484",4.92,9.96,4.91,9.52
"2485",7.31,1.25,1.15,7.78
"2486",4.04,9.81,9.54,2.35
"2487",5.78,9.61,1.16,9.19
"2488",9.93,9.92,9.57,9.25
"2489",6.06,1.05,1.18,9.66
"2490",7.74,1.36,5.67,9.05
"2491",2.64,1.48,1.02,9.13
"2492",5.15,1.38,6.49,9.81
"2493",9.83,8.72,2.34,6.91
"2494",5.38,9.66,1.91,8.38
"2495",4.71,1.02,1.32,9.67
"2496",3.93,9.82,5.21,9.57
"2497",5.67,9.88,2.71,7.3
"2498",2.78,9.65,1.83,8.04
"2499",3.72,9.62,2.36,7.23
"2500",4.8,1.4,9.88,7.86
"2501",4.75,9.68,1.02,9.65
"2502",4.02,9.53,1.35,7.14
"2503",4.46,1.07,4.96,4.62
"2504",7.91,9.45,9.79,5.53
"2505",8.09,9.78,1,9.53
"2506",7.44,1.2,1.43,9.76
"2507",8.21,8.19,9.85,9.06
"2508",3.83,1.46,1.41,7.92
"2509",9.09,8.14,2.27,7.23
"2510",7.2,9.79,3.54,9.12
"2511",6.14,9.62,2.92,7.17
"2512",7.97,9.8,6.7,6.83
"2513",5.53,1.35,4.47,5.9
"2514",4.87,1.28,2.12,9.74
"2515",8.47,1.19,2.51,8.12
"2516",6.23,9.87,6.37,9.94
"2517",5.9,9.67,5.93,7.49
"2518",6.98,9.78,1.31,9.83
"2519",7.75,10,4.72,10
"2520",7.91,9.87,1.3,2.34
"2521",7.12,4.13,1.7,1.4
"2522",3.99,9.59,1.05,9.95
"2523",6.31,1.22,2.46,8.96
"2524",5.15,9.9,6.64,9.95
"2525",7.69,9.96,2.12,8.51
"2526",4.87,9.69,1.42,5.29
"2527",3.68,1.4,1.41,9.93
"2528",5.19,1.21,4.53,5.61
"2529",9.74,9.8,4.69,7.98
"2530",9.29,9.91,2.55,9.87
"2531",5.77,9.81,1.85,5.72
"2532",2.86,1.29,3.48,5.88
"2533",5.54,9.77,4.77,9.61
"2534",7.4,1.07,1.38,9.18
"2535",8.35,9.7,2.3,4.33
"2536",5.58,9.74,2.94,9.88
"2537",2.53,6.98,1.35,9.61
"2538",7.08,1.02,1.1,8.97
"2539",3.74,9.9,4.04,8.15
"2540",4.53,1.03,4.63,9.46
"2541",5.11,1.22,7.53,1.11
"2542",4.44,8.66,2.55,9.71
"2543",8.49,1.3,1.37,9.83
"2544",5.53,1.43,1.54,8.47
"2545",1.41,9.64,1.39,8.62
"2546",6.18,1.47,9.55,8.77
"2547",7.83,1.39,5.29,8.86
"2548",5.63,1.31,9.63,2.13
"2549",5.48,9.43,7.29,7.52
"2550",6.48,9.89,1.16,9.9
"2551",4.03,9.76,1.37,9.81
"2552",7.04,1.48,1.11,5.35
"2553",3.95,1.19,2.65,1.42
"2554",6.08,1.13,2.28,9.57
"2555",4.54,1.03,2.43,9.69
"2556",7.02,9.55,1.37,7.88
"2557",4.8,1.22,4.93,8.82
"2558",6.13,1.12,1.43,7.58
"2559",4.88,1.23,2.56,1.03
"2560",7.63,9.86,4.03,7.7
"2561",7.43,1.12,2.38,7.9
"2562",7.2,1.25,1.48,8.8
"2563",5.08,9.94,1.18,9.67
"2564",5.34,1.3,1.46,6.89
"2565",1.1,1.22,9.66,8.08
"2566",6.97,1.18,3.2,6.13
"2567",5.12,9.89,1.25,9.14
"2568",5.79,1.21,1.07,9.94
"2569",7.6,1.49,1.41,8.81
"2570",7.22,9.53,9.62,7.6
"2571",5.71,1.05,1.03,1.49
"2572",5.62,9.62,1.92,7.35
"2573",8.35,9.99,4.94,3.01
"2574",4.54,9.93,2.56,7.43
"2575",5.43,5.65,2.32,6.67
"2576",2.86,9.71,1.34,6.09
"2577",6.3,9.86,2.25,9.87
"2578",5.71,9.81,3.68,6.54
"2579",4.8,1.35,9.55,9.64
"2580",8.51,7.34,1.33,7.62
"2581",5.53,9.86,1.3,9.97
"2582",5.51,9.87,9.87,1.04
"2583",5.12,9.51,1.42,9.65
"2584",5.81,9.58,5.11,9.82
"2585",6.93,1.32,3.27,8.43
"2586",4.65,9.93,9.83,7.83
"2587",6.24,9.7,2.98,8.99
"2588",5.93,8.37,1.22,8.51
"2589",7.04,1.16,1.29,9.68
"2590",8.29,1.28,1.02,9.96
"2591",4.58,1.15,2.01,9.47
"2592",9.91,9.71,3.41,8.12
"2593",5.19,1.49,1.53,7.51
"2594",7.09,9.71,9.61,9.87
"2595",6.88,1.25,4.91,8.06
"2596",1.78,9.03,6.84,9.52
"2597",5.68,1.03,1.11,6.89
"2598",3.75,1.19,1.12,1.45
"2599",7.39,9.67,1.1,5.68
"2600",6.32,1.48,2.41,9.96
"2601",6.31,9.89,5.34,6.51
"2602",5.2,1.11,4.89,7.49
"2603",6.34,8.06,1.12,1.3
"2604",1.54,1.34,9.92,7.63
"2605",5.14,9.98,2.98,1.15
"2606",6.11,9.68,1.26,9.34
"2607",4.77,2.74,3.61,9.37
"2608",5.25,9.79,1.98,4.45
"2609",7.02,1.23,3.24,7.55
"2610",5.86,9.96,5.83,5.73
"2611",4.54,9.77,9.9,8.68
"2612",3.67,1.03,3.75,8.45
"2613",6.35,9.66,3.15,9.61
"2614",2.32,1.5,1.12,9.18
"2615",4.07,9.58,9.71,9.86
"2616",8.31,1.25,1.2,7.07
"2617",5.01,1.07,1.3,9.79
"2618",6.17,9.6,1.37,7.37
"2619",6.4,9.5,1.39,9.1
"2620",8.67,1.25,9.73,7.73
"2621",4.26,10,2.56,9.94
"2622",6.5,8.32,2.96,9.35
"2623",1.43,8.78,6.35,6.31
"2624",9.69,9.68,1.48,7.5
"2625",5.45,9.58,3.07,7.22
"2626",4.56,1.33,1.89,9.8
"2627",4.96,8.94,1.92,9.08
"2628",8.61,1.42,2.56,7.42
"2629",4.45,9.67,5.79,7.79
"2630",6.47,9.67,2,7.5
"2631",7.98,1.11,2.55,9.98
"2632",4.73,8.85,1.93,7.05
"2633",6.21,9.52,1.08,1.09
"2634",9.79,8.73,1.32,6.57
"2635",3.13,1.47,4.92,8.55
"2636",4.68,1.23,5.77,8.74
"2637",7.23,9.9,5.57,7.64
"2638",9.66,1.37,8.66,8.74
"2639",5.73,9.8,1.71,9.69
"2640",3.83,1.29,5.43,9.25
"2641",6.17,1.1,6.09,7.6
"2642",5.9,9.97,9.95,9.51
"2643",6.07,9.69,3.16,8.39
"2644",6.56,1.03,1.06,8.18
"2645",3.82,9.68,1.44,9.81
"2646",3.93,1.37,1.01,9.61
"2647",6.05,9.79,1.37,8.21
"2648",2.2,8.67,2.3,9.5
"2649",9.97,9.75,9.56,9.6
"2650",6.19,9.64,1.49,7.83
"2651",3.63,9.89,4.19,9.83
"2652",6.17,9.67,1.08,9.25
"2653",5.52,9.73,1.16,7.17
"2654",1.29,1.39,3.82,7.43
"2655",6.69,1.24,1.18,9.11
"2656",5.36,9.77,1.27,8.39
"2657",8.44,1.24,1.99,5.77
"2658",2.8,9.96,3.04,9.64
"2659",5.38,9.18,9.84,9.79
"2660",3.06,1.16,1.73,9.57
"2661",3.79,1.49,5.56,7.27
"2662",7.38,9.6,1.35,9.78
"2663",4.53,9.58,5.2,9.82
"2664",6.56,7.76,2.08,9.77
"2665",7.03,7.83,4.74,9.76
"2666",5.17,9.76,1.19,9.11
"2667",6.03,9.67,1.82,8.37
"2668",1.77,1.39,4.11,9.76
"2669",9.13,1.46,1.02,7.53
"2670",9.67,9.15,1.28,9.08
"2671",5.18,1.34,3.13,8.53
"2672",7.25,1.38,1.13,9.55
"2673",7.24,1.16,1.33,8.8
"2674",1.34,9.8,1.59,9.04
"2675",6.86,9.74,2.63,9.86
"2676",2.12,8.91,1.34,9.98
"2677",5.05,1.28,2.61,9.59
"2678",6.37,9.87,1.35,1.69
"2679",4.99,9.84,1.06,8.36
"2680",8.44,9.83,1.04,6.61
"2681",7.09,1.38,1.49,7.39
"2682",8.48,9.57,4.3,7.32
"2683",9.62,1.1,5.32,9.67
"2684",6.03,1.33,1.75,6.43
"2685",5.06,9.57,1.6,6.62
"2686",8.81,9.53,2.9,8.94
"2687",6.19,9.86,4.24,9.9
"2688",5.87,9.75,7.19,9.15
"2689",6.65,9.68,2.21,8.04
"2690",6.96,1.34,1.5,8.26
"2691",6.81,9.71,1.07,7.46
"2692",3.49,1.28,4.6,7.37
"2693",5.43,1.17,3.84,1.29
"2694",7.15,1.42,4.51,3.86
"2695",6.56,1.38,9.63,8.29
"2696",5.93,9.99,1.04,9.49
"2697",1.95,1.38,1.48,9.89
"2698",4.49,1.36,1.01,9.59
"2699",7.28,9.95,4.23,6.36
"2700",6.97,9.84,1.02,8.94
"2701",6.28,1.35,1.21,5.13
"2702",3.68,8.56,1.58,7.48
"2703",7.19,1.29,3.09,9.94
"2704",6.48,1.33,1.22,8.4
"2705",6.74,9.62,1.04,6.92
"2706",6.06,1.4,1.3,9.83
"2707",6.21,1.46,3.16,6.72
"2708",3.52,9.53,4.96,8.56
"2709",8.99,9.88,1.31,9.19
"2710",2.59,9.93,2.18,9.79
"2711",6.93,9.81,5.49,7.5
"2712",7.38,8.35,4.6,9.8
"2713",6.84,9.71,3.63,8.5
"2714",5,1.35,1.01,7.55
"2715",10,9.63,4.03,7.78
"2716",4.85,9.7,4.08,7.96
"2717",9.72,3.98,1.05,8.42
"2718",6.86,1.26,4.63,9.39
"2719",2.13,9.55,9.51,9.3
"2720",6.93,1.38,9.97,9.75
"2721",7.03,9.8,1.07,9.92
"2722",5.07,9.99,4.4,8.47
"2723",5.4,5.69,7.28,6.72
"2724",5.82,9.94,1.45,6.65
"2725",6.01,9.52,3.98,8.4
"2726",4.85,1.1,4.31,4.51
"2727",9.71,1.36,4.69,9.85
"2728",6.25,8.18,9.62,9.25
"2729",1.74,9.93,3.18,9.52
"2730",3.69,1.47,1.31,6.99
"2731",4.84,9.65,1.6,8.55
"2732",5.56,9.5,1.05,9.42
"2733",5.75,8.95,3.1,9.78
"2734",4.6,8.63,6.25,6.66
"2735",6.94,7.74,1.34,8.8
"2736",5.55,9.56,3.11,8.61
"2737",9.86,7.72,1.09,9.27
"2738",7.13,1.43,1.34,8.28
"2739",8.32,1.02,2,8.29
"2740",4.25,1.2,2.45,9.73
"2741",4.84,9.68,1.7,7.74
"2742",3.53,3.06,1.26,9.89
"2743",4.5,9.55,1.41,8.47
"2744",5.81,1.33,5.26,9.79
"2745",5.86,9.55,1.16,8.26
"2746",4.99,1.49,5.49,9.66
"2747",5.3,9.14,2.11,9.75
"2748",4.7,9.63,1.01,7.87
"2749",5.01,1.05,2.44,1.24
"2750",5.47,1.33,1.05,8.14
"2751",5.68,9.89,1.37,9.68
"2752",1.69,9.56,1.74,7.88
"2753",9.26,9.94,1.49,9.92
"2754",9.58,9.83,1.15,7.71
"2755",4.66,9.61,2.87,9.73
"2756",6.66,9.06,1.44,9.92
"2757",6.66,9.84,1.11,1.73
"2758",7.68,7.66,2.7,9.71
"2759",4.36,10,5.87,8.45
"2760",4.22,9.96,1.49,9.77
"2761",5.14,1.46,3.08,8.27
"2762",5.07,9.8,2.49,9.52
"2763",4.02,9.83,3.03,6.11
"2764",4.52,2.1,9.88,9.16
"2765",5.97,1.38,1.23,9.77
"2766",5.06,4.81,9.9,9.81
"2767",8.31,9.72,3.65,9.92
"2768",4.53,1.47,6.36,8.22
"2769",8.42,1.45,1.1,8.49
"2770",5.57,1.09,1.29,6.67
"2771",5.93,9.76,2.86,3.18
"2772",1.42,7.14,2.95,7.12
"2773",3.43,1.45,2.73,7.45
"2774",6.11,9.94,1.49,9.76
"2775",6.45,9.91,9.68,9.73
"2776",9.58,9.96,4.23,9.56
"2777",7.17,9.78,5.19,9.55
"2778",6.65,1.32,6.11,5.27
"2779",6.59,9.65,1.05,1.31
"2780",5.04,1.05,1.58,9.63
"2781",1.5,9.69,1.25,7.52
"2782",7.14,8.93,2.04,7.74
"2783",4.59,9.71,2.87,9.72
"2784",2.91,9.85,1.79,1.11
"2785",1.36,9.95,1.55,6.9
"2786",4.69,1.46,2.01,9.59
"2787",6.05,8.54,3.21,9.88
"2788",5.23,1.3,1.37,9.88
"2789",6.8,9.76,9.73,1.47
"2790",8.81,6.12,9.8,7.02
"2791",9.51,9.56,2.6,6.85
"2792",6.02,6.17,4.74,8.85
"2793",5.01,1.22,1.47,7.65
"2794",7.79,1.04,6.38,9.72
"2795",7.75,1.03,1.66,8.32
"2796",5.81,1.15,1.41,9.9
"2797",1.06,9.67,1.92,8.39
"2798",3.37,5.52,6.14,9.37
"2799",6.63,1.26,1.71,9.63
"2800",4.58,1.32,3.17,6.83
"2801",8.77,1.49,2.24,9.91
"2802",1.81,1.02,2.42,1.88
"2803",7.41,9.35,4.95,7.5
"2804",4.29,1.26,3.66,9.94
"2805",2.63,1.02,5.89,7.05
"2806",4.19,9.34,1.34,9.98
"2807",6.28,1.17,9.97,7.53
"2808",3.29,9.95,5.34,7.87
"2809",5.24,9.64,2.7,9.99
"2810",5.87,9.59,6.46,8.09
"2811",6.36,9.86,3.87,7.6
"2812",8.32,1.43,1.66,9.96
"2813",8.35,9.97,4.64,4.17
"2814",6.2,9.63,1.38,9.25
"2815",6.79,8.11,5.54,9.9
"2816",6.24,1.11,4.94,9.42
"2817",4.55,1.37,9.58,9.78
"2818",4.5,1.89,3.66,6.85
"2819",7.08,1.27,1.07,9.22
"2820",7.4,9.8,2.98,9.37
"2821",5.9,1.14,4.01,9.62
"2822",6.44,1.07,3.6,8.98
"2823",4.9,9.64,4.82,9.88
"2824",5.19,8.77,5.78,8.09
"2825",4.4,9.94,7.13,1.45
"2826",3.76,9.64,1.4,7.91
"2827",6.4,9.25,6.36,8.52
"2828",7.08,1.26,4.44,7.72
"2829",6.1,9.6,2.8,6.55
"2830",7.57,1.01,5.17,9.74
"2831",7.46,1.34,9.95,8.55
"2832",5.98,9.7,1.31,9.75
"2833",3.3,1.43,1.4,9.73
"2834",7.02,9.73,9.71,6.35
"2835",4.63,9.68,1.98,9.03
"2836",5.13,1.15,1.49,9.58
"2837",4.24,9.94,1.37,6.71
"2838",6.14,1.38,3.27,2.18
"2839",8.67,2.52,1.32,5.46
"2840",5.82,9.8,4.19,9.95
"2841",4.55,9.83,1.4,8.28
"2842",7.77,1.21,1.48,9.37
"2843",7.43,9.52,1.15,6.83
"2844",7.17,9.7,5.04,6.89
"2845",9.47,9.95,6.4,7.2
"2846",6.35,1.11,7.07,6.04
"2847",5.4,9.89,3.43,8.82
"2848",4.76,9.52,7.06,9.93
"2849",5.48,1.24,2.96,6.02
"2850",4.11,8.69,1.48,6.13
"2851",5.83,9.77,1.78,9.67
"2852",6.71,9.83,4.67,9.79
"2853",2.98,9.71,2.88,8.26
"2854",4.91,9.55,9.54,8.82
"2855",4.98,1.06,3.86,7.49
"2856",2.63,9.93,1.04,9.57
"2857",9.7,1.06,1.32,9.8
"2858",4.66,5.22,1.53,6.59
"2859",4.8,9.69,1.9,6.81
"2860",3.81,9.83,1.46,8.09
"2861",6.42,9.61,3.69,9.75
"2862",3.59,8.25,6.17,8.03
"2863",1.53,1.23,3.42,9.54
"2864",8.91,8.68,1.17,9.84
"2865",9.97,9.59,4.45,9.25
"2866",6.07,9.96,4.46,8.49
"2867",6.69,1.14,1.49,7.96
"2868",6.76,9.76,2.96,7.46
"2869",7.47,9.65,1.09,7.88
"2870",8.82,1.33,8.8,8.65
"2871",7.86,1.09,1.39,9.09
"2872",6.82,1.68,2.18,7.35
"2873",5.59,9.93,6.66,9.53
"2874",9.58,9.57,9.65,8.18
"2875",1.36,9.82,1.34,6.91
"2876",4.8,9.62,1.39,8.79
"2877",5.23,1.36,2.53,8.66
"2878",4.51,1.43,1.42,8.4
"2879",5.46,9.85,1.4,7.03
"2880",7.26,1.04,3.94,9.98
"2881",2.89,9.71,1.09,8.4
"2882",2.59,1.04,3.48,6.63
"2883",5.27,1.35,1.38,7.42
"2884",9.23,9.53,1.03,7.04
"2885",3.62,1.05,1.34,5.37
"2886",5.32,5.29,1.65,9.64
"2887",6.24,1.19,1.71,1.52
"2888",5.42,9.73,1.45,9.77
"2889",6.94,9.94,1.43,8.4
"2890",3.54,4.34,1.77,3.14
"2891",8.63,1.18,3.58,8.27
"2892",4.68,9.83,9.97,4.69
"2893",3.91,8.09,9.72,8.13
"2894",7.14,1.47,1.06,9.55
"2895",5.6,9.63,1.98,9.84
"2896",5.89,9.64,2.53,9.91
"2897",4.49,1.16,4.23,9.01
"2898",6.34,9.14,3.04,7.79
"2899",8.28,1.3,9.87,9.13
"2900",7.84,9.17,3.99,7.85
"2901",6.17,7.69,2.95,7.66
"2902",5.72,9.86,3.21,5.54
"2903",6.37,9.56,6.15,8.65
"2904",6.42,1.14,1.21,8.58
"2905",9.64,1.33,1.11,8.59
"2906",5.69,1.38,1.04,6.67
"2907",5.86,9.68,1.32,7.75
"2908",1.47,1.34,3.53,6.68
"2909",6.29,9.68,1.79,6.34
"2910",5.33,8.46,1.1,8.07
"2911",5.6,9.83,1.31,7.52
"2912",6.71,1.45,9.73,8.12
"2913",4.91,7.45,1.06,8.22
"2914",3.72,1.38,2.6,9.88
"2915",7.01,9.92,1.2,6.26
"2916",5.65,1.48,1.28,5.99
"2917",3.74,9.87,2.39,7.47
"2918",4.58,9.3,3.08,9.9
"2919",5.84,9.98,2.89,8.69
"2920",7.45,1.91,1.16,9.6
"2921",5.42,1.32,2.3,1.44
"2922",5.84,9.63,3.01,8.78
"2923",8.57,1.38,1.59,7.15
"2924",6.82,9.86,1.33,5.08
"2925",4.83,9.71,6.58,8.61
"2926",4.79,9.84,2.66,7.5
"2927",6.93,9.67,3.42,9.82
"2928",5.93,9.98,1.17,6.73
"2929",4.18,1.19,1.38,9.53
"2930",3.06,9.55,6.85,9.36
"2931",5.91,9.85,1.33,7.62
"2932",4.68,1.15,1.06,7.12
"2933",5.87,1.4,3.73,8.43
"2934",6.79,9.87,1.47,9.6
"2935",2.05,9.53,4.52,9.59
"2936",3.68,1.21,5.5,9.85
"2937",9.88,1.36,1.29,6.94
"2938",6.33,1,4.15,9.51
"2939",4.71,1.2,3.27,9.6
"2940",2.96,1.27,1.37,8.72
"2941",6.83,8.63,1.4,1.3
"2942",4.75,4.87,1.1,7.11
"2943",3.66,9.96,1.02,8.91
"2944",8.19,1.48,1.61,9.94
"2945",9.73,9.95,7.77,9.98
"2946",7.14,1.43,1.47,4.29
"2947",7.21,1.18,1.41,8.88
"2948",8.51,9.71,5.32,5.39
"2949",4.89,1.04,1.5,9.91
"2950",9.76,6.99,3.12,9.6
"2951",6.6,9.58,1.01,9.67
"2952",5.37,9.88,6.08,8.22
"2953",5,9.89,9.61,9.82
"2954",7.33,9.73,1.3,9.82
"2955",4.65,1.11,3.38,9.69
"2956",5.35,9.53,3.05,9.9
"2957",6.71,9.63,7.37,4.7
"2958",5.51,1.15,6.1,7.55
"2959",4.42,9.51,1.36,8.8
"2960",6.21,9.58,1.08,1.92
"2961",8.13,1.19,1.4,7.19
"2962",4.99,1.07,2.78,6.65
"2963",8.79,1.27,2.22,9.91
"2964",7.07,9.82,3.38,9.03
"2965",5.14,9.17,4.68,8.02
"2966",6.49,8.2,1.03,9.25
"2967",5.59,9.56,6.56,7.44
"2968",10,1.25,3.64,7.59
"2969",4.67,9.64,2.01,9.66
"2970",9.16,9.87,1.38,9.77
